{
  "ua": "20220527",
  "homeUrl": "http://www.xxys520.com",
  "dcVipFlag": "true",
  "pCfgJs": "http://www.xxys520.com/static/js/playerconfig.js",
  "pCfgJsR": "MacPlayerConfig.player_list=([\\w\\W]*?),MacPlayerConfig.downer_list=",
  "dcShow2Vip": {},
  "dcPlayUrl": "true",
  "cateManual": {
    "电影": "1",
    "连续剧": "2",
    "动漫": "3",
    "综艺": "4",
    "纪录片": "5"
  },
  "homeVodNode": "//div[@class='module-item']",
  "homeVodName": "//div[@class='module-item-titlebox']/a/text()",
  "homeVodId": "//div[@class='module-item-titlebox']/a/@href",
  "homeVodIdR": "/voddetail/(\\w+).html",
  "homeVodImg": "//img/@data-src",
  "homeVodImgR": "",
  "homeVodMark": "//div[@class='module-item-text']/text()",
  "cateUrl": "http://www.xxys520.com/vodshow/{cateId}-{area}-{by}---{letter}---{catePg}---{year}.html",
  "cateVodNode": "//div[@class='module-item']",
  "cateVodName": "//div[@class='module-item-titlebox']/a/text()",
  "cateVodId": "//div[@class='module-item-titlebox']/a/@href",
  "cateVodIdR": "/voddetail/(\\w+).html",
  "cateVodImg": "//img/@data-src",
  "cateVodImgR": "",
  "cateVodMark": "//div[@class='module-item-text']/text()",
  "dtUrl": "http://www.xxys520.com/voddetail/{vid}.html",
  "dtNode": "//main[@id='main']",
  "dtName": "//h1[@class='page-title']/text()",
  "dtNameR": "",
  "dtImg": "//div[@class='video-cover']//img/@data-src",
  "dtImgR": "",
  "dtCate": "//div[@class='tag-link']/a/text()",
  "dtCateR": "",
  "dtYear": "//a[2][@class='tag-link']/text()",
  "dtYearR": "",
  "dtArea": "//a[3][@class='tag-link']/text()",
  "dtAreaR": "",
  "dtDirector": "//span[contains(text(), '导演')]/following-sibling::div/a/text()",
  "dtDirectorR": "",
  "dtActor": "//span[contains(text(), '主演')]/following-sibling::div/a/text()",
  "dtActorR": "",
  "dtDesc": "//span[contains(text(), '剧情')]/following-sibling::div/span/text()",
  "dtDescR": "",
  "dtFromNode": "//div[contains(@class,'module-tab-content')]/div/span",
  "dtFromName": "/text()",
  "dtFromNameR": "",
  "dtUrlNode": "//div[@class='module-blocklist']/div",
  "dtUrlSubNode": "/a",
  "dtUrlId": "@href",
  "dtUrlIdR": "/vodplay/(\\S+).html",
  "dtUrlName": "/span/text()",
  "dtUrlNameR": "",
  "playUrl": "http://www.xxys520.com/vodplay/{playUrl}.html",
  "playUa": "",
  "searchUrl": "http://www.xxys520.com/index.php/ajax/suggest?mid=1&wd={wd}&limit=10",
  "scVodNode": "json:list",
  "scVodName": "name",
  "scVodId": "id",
  "scVodIdR": "",
  "scVodImg": "pic",
  "scVodMark": "",
  "filter": {
    "1": [
      {
        "name": "分类",
        "key": "cateId",
        "value": [
          { "n": "全部", "v": "1" },
          { "n": "动作片", "v": "6" },
          { "n": "喜剧片", "v": "7" },
          { "n": "爱情片", "v": "8" },
          { "n": "科幻片", "v": "9" },
          { "n": "恐怖片", "v": "10" },
          { "n": "剧情片", "v": "11" },
          { "n": "战争片", "v": "12" },
          { "n": "惊悚片", "v": "20" },
          { "n": "犯罪片", "v": "21" },
          { "n": "冒险片", "v": "22" },
          { "n": "悬疑片", "v": "23" },
          { "n": "动画片", "v": "24" },
          { "n": "武侠片", "v": "25" },
          { "n": "奇幻片", "v": "26" },
          { "n": "古装片", "v": "27" }
        ]
      },
      {
        "name": "剧情",
        "key": "class",
        "value": [
          { "n": "全部", "v": "" },
          { "n": "喜剧", "v": "喜剧" },
          { "n": "爱情", "v": "爱情" },
          { "n": "恐怖", "v": "恐怖" },
          { "n": "动作", "v": "动作" },
          { "n": "科幻", "v": "科幻" },
          { "n": "剧情", "v": "剧情" },
          { "n": "战争", "v": "战争" },
          { "n": "警匪", "v": "警匪" },
          { "n": "犯罪", "v": "犯罪" },
          { "n": "动画", "v": "动画" },
          { "n": "奇幻", "v": "奇幻" },
          { "n": "武侠", "v": "武侠" },
          { "n": "冒险", "v": "冒险" },
          { "n": "枪战", "v": "枪战" },
          { "n": "恐怖", "v": "恐怖" },
          { "n": "悬疑", "v": "悬疑" },
          { "n": "惊悚", "v": "惊悚" },
          { "n": "经典", "v": "经典" },
          { "n": "青春", "v": "青春" },
          { "n": "文艺", "v": "文艺" },
          { "n": "微电影", "v": "微电影" },
          { "n": "古装", "v": "古装" },
          { "n": "历史", "v": "历史" },
          { "n": "运动", "v": "运动" },
          { "n": "农村", "v": "农村" },
          { "n": "儿童", "v": "儿童" },
          { "n": "网络电影", "v": "网络电影" }
        ]
      },
      {
        "name": "年份",
        "key": "year",
        "value": [
          { "n": "全部", "v": "" },
          { "n": "2022", "v": "2022" },
          { "n": "2021", "v": "2021" },
          { "n": "2020", "v": "2020" },
          { "n": "2019", "v": "2019" },
          { "n": "2018", "v": "2018" },
          { "n": "2017", "v": "2017" },
          { "n": "2016", "v": "2016" },
          { "n": "2015", "v": "2015" },
          { "n": "2014", "v": "2014" },
          { "n": "2013", "v": "2013" },
          { "n": "2012", "v": "2012" },
          { "n": "2011", "v": "2011" },
          { "n": "2010", "v": "2010" }
        ]
      },
      {
        "name": "地区",
        "key": "area",
        "value": [
          { "n": "全部", "v": "" },
          { "n": "大陆", "v": "大陆" },
          { "n": "香港", "v": "香港" },
          { "n": "台湾", "v": "台湾" },
          { "n": "美国", "v": "美国" },
          { "n": "法国", "v": "法国" },
          { "n": "英国", "v": "英国" },
          { "n": "日本", "v": "日本" },
          { "n": "韩国", "v": "韩国" },
          { "n": "德国", "v": "德国" },
          { "n": "泰国", "v": "泰国" },
          { "n": "印度", "v": "印度" },
          { "n": "意大利", "v": "意大利" },
          { "n": "西班牙", "v": "西班牙" },
          { "n": "加拿大", "v": "加拿大" },
          { "n": "其他", "v": "其他" }
        ]
      },
      {
        "name": "字母",
        "key": "letter",
        "value": [
          { "n": "全部", "v": "" },
          { "n": "A", "v": "A" },
          { "n": "B", "v": "B" },
          { "n": "C", "v": "C" },
          { "n": "D", "v": "D" },
          { "n": "E", "v": "E" },
          { "n": "F", "v": "F" },
          { "n": "G", "v": "G" },
          { "n": "H", "v": "H" },
          { "n": "I", "v": "I" },
          { "n": "J", "v": "J" },
          { "n": "K", "v": "K" },
          { "n": "L", "v": "L" },
          { "n": "M", "v": "M" },
          { "n": "N", "v": "N" },
          { "n": "O", "v": "O" },
          { "n": "P", "v": "P" },
          { "n": "Q", "v": "Q" },
          { "n": "R", "v": "R" },
          { "n": "S", "v": "S" },
          { "n": "T", "v": "T" },
          { "n": "U", "v": "U" },
          { "n": "V", "v": "V" },
          { "n": "W", "v": "W" },
          { "n": "X", "v": "X" },
          { "n": "Y", "v": "Y" },
          { "n": "Z", "v": "Z" },
          { "n": "0-9", "v": "0-9" }
        ]
      },
      {
        "name": "排序",
        "key": "by",
        "value": [
          { "n": "时间", "v": "time" },
          { "n": "人气", "v": "hits" },
          { "n": "评分", "v": "score" }
        ]
      }
    ],
    "2": [
      {
        "name": "分类",
        "key": "cateId",
        "value": [
          { "n": "全部", "v": "1" },
          { "n": "国产剧", "v": "13" },
          { "n": "港台剧", "v": "14" },
          { "n": "日韩剧", "v": "15" },
          { "n": "欧美剧", "v": "16" },
          { "n": "泰国剧", "v": "29" },
          { "n": "其他剧", "v": "27" }
        ]
      },
      {
        "name": "剧情",
        "key": "class",
        "value": [
          { "n": "全部", "v": "" },
          { "n": "古装", "v": "古装" },
          { "n": "战争", "v": "战争" },
          { "n": "青春偶像", "v": "青春偶像" },
          { "n": "喜剧", "v": "喜剧" },
          { "n": "家庭", "v": "家庭" },
          { "n": "犯罪", "v": "犯罪" },
          { "n": "动作", "v": "动作" },
          { "n": "奇幻", "v": "奇幻" },
          { "n": "剧情", "v": "剧情" },
          { "n": "历史", "v": "历史" },
          { "n": "经典", "v": "经典" },
          { "n": "乡村", "v": "乡村" },
          { "n": "情景", "v": "情景" },
          { "n": "商战", "v": "商战" },
          { "n": "网剧", "v": "网剧" },
          { "n": "其他", "v": "其他" }
        ]
      },
      {
        "name": "年份",
        "key": "year",
        "value": [
          { "n": "全部", "v": "" },
          { "n": "2022", "v": "2022" },
          { "n": "2021", "v": "2021" },
          { "n": "2020", "v": "2020" },
          { "n": "2019", "v": "2019" },
          { "n": "2018", "v": "2018" },
          { "n": "2017", "v": "2017" },
          { "n": "2016", "v": "2016" },
          { "n": "2015", "v": "2015" },
          { "n": "2014", "v": "2014" },
          { "n": "2013", "v": "2013" },
          { "n": "2012", "v": "2012" },
          { "n": "2011", "v": "2011" },
          { "n": "2010", "v": "2010" }
        ]
      },
      {
        "name": "字母",
        "key": "letter",
        "value": [
          { "n": "全部", "v": "" },
          { "n": "A", "v": "A" },
          { "n": "B", "v": "B" },
          { "n": "C", "v": "C" },
          { "n": "D", "v": "D" },
          { "n": "E", "v": "E" },
          { "n": "F", "v": "F" },
          { "n": "G", "v": "G" },
          { "n": "H", "v": "H" },
          { "n": "I", "v": "I" },
          { "n": "J", "v": "J" },
          { "n": "K", "v": "K" },
          { "n": "L", "v": "L" },
          { "n": "M", "v": "M" },
          { "n": "N", "v": "N" },
          { "n": "O", "v": "O" },
          { "n": "P", "v": "P" },
          { "n": "Q", "v": "Q" },
          { "n": "R", "v": "R" },
          { "n": "S", "v": "S" },
          { "n": "T", "v": "T" },
          { "n": "U", "v": "U" },
          { "n": "V", "v": "V" },
          { "n": "W", "v": "W" },
          { "n": "X", "v": "X" },
          { "n": "Y", "v": "Y" },
          { "n": "Z", "v": "Z" },
          { "n": "0-9", "v": "0-9" }
        ]
      },
      {
        "name": "排序",
        "key": "by",
        "value": [
          { "n": "时间", "v": "time" },
          { "n": "人气", "v": "hits" },
          { "n": "评分", "v": "score" }
        ]
      }
    ],
    "4": [
      {
        "name": "剧情",
        "key": "class",
        "value": [
          { "n": "全部", "v": "" },
          { "n": "选秀", "v": "选秀" },
          { "n": "情感", "v": "情感" },
          { "n": "访谈", "v": "访谈" },
          { "n": "播报", "v": "播报" },
          { "n": "旅游", "v": "旅游" },
          { "n": "音乐", "v": "音乐" },
          { "n": "美食", "v": "美食" },
          { "n": "纪实", "v": "纪实" },
          { "n": "曲艺", "v": "曲艺" },
          { "n": "生活", "v": "生活" },
          { "n": "游戏互动", "v": "游戏互动" },
          { "n": "财经", "v": "财经" },
          { "n": "求职", "v": "求职" }
        ]
      },
      {
        "name": "年份",
        "key": "year",
        "value": [
          { "n": "全部", "v": "" },
          { "n": "2022", "v": "2022" },
          { "n": "2021", "v": "2021" },
          { "n": "2020", "v": "2020" },
          { "n": "2019", "v": "2019" },
          { "n": "2018", "v": "2018" },
          { "n": "2017", "v": "2017" },
          { "n": "2016", "v": "2016" },
          { "n": "2015", "v": "2015" },
          { "n": "2014", "v": "2014" },
          { "n": "2013", "v": "2013" },
          { "n": "2012", "v": "2012" },
          { "n": "2011", "v": "2011" },
          { "n": "2010", "v": "2010" }
        ]
      },
      {
        "name": "地区",
        "key": "area",
        "value": [
          { "n": "全部", "v": "" },
          { "n": "内地", "v": "内地" },
          { "n": "港台", "v": "港台" },
          { "n": "日韩", "v": "日韩" },
          { "n": "欧美", "v": "欧美" }
        ]
      },
      {
        "name": "字母",
        "key": "letter",
        "value": [
          { "n": "全部", "v": "" },
          { "n": "A", "v": "A" },
          { "n": "B", "v": "B" },
          { "n": "C", "v": "C" },
          { "n": "D", "v": "D" },
          { "n": "E", "v": "E" },
          { "n": "F", "v": "F" },
          { "n": "G", "v": "G" },
          { "n": "H", "v": "H" },
          { "n": "I", "v": "I" },
          { "n": "J", "v": "J" },
          { "n": "K", "v": "K" },
          { "n": "L", "v": "L" },
          { "n": "M", "v": "M" },
          { "n": "N", "v": "N" },
          { "n": "O", "v": "O" },
          { "n": "P", "v": "P" },
          { "n": "Q", "v": "Q" },
          { "n": "R", "v": "R" },
          { "n": "S", "v": "S" },
          { "n": "T", "v": "T" },
          { "n": "U", "v": "U" },
          { "n": "V", "v": "V" },
          { "n": "W", "v": "W" },
          { "n": "X", "v": "X" },
          { "n": "Y", "v": "Y" },
          { "n": "Z", "v": "Z" },
          { "n": "0-9", "v": "0-9" }
        ]
      },
      {
        "name": "排序",
        "key": "by",
        "value": [
          { "n": "时间", "v": "time" },
          { "n": "人气", "v": "hits" },
          { "n": "评分", "v": "score" }
        ]
      }
    ],
    "3": [
      {
        "name": "剧情",
        "key": "class",
        "value": [
          { "n": "全部", "v": "" },
          { "n": "情感", "v": "情感" },
          { "n": "科幻", "v": "科幻" },
          { "n": "热血", "v": "热血" },
          { "n": "推理", "v": "推理" },
          { "n": "搞笑", "v": "搞笑" },
          { "n": "冒险", "v": "冒险" },
          { "n": "萝莉", "v": "萝莉" },
          { "n": "校园", "v": "校园" },
          { "n": "动作", "v": "动作" },
          { "n": "机战", "v": "机战" },
          { "n": "运动", "v": "运动" },
          { "n": "战争", "v": "战争" },
          { "n": "少年", "v": "少年" },
          { "n": "少女", "v": "少女" },
          { "n": "社会", "v": "社会" },
          { "n": "原创", "v": "原创" },
          { "n": "亲子", "v": "亲子" },
          { "n": "益智", "v": "益智" },
          { "n": "励志", "v": "励志" },
          { "n": "其他", "v": "其他" }
        ]
      },
      {
        "name": "年份",
        "key": "year",
        "value": [
          { "n": "全部", "v": "" },
          { "n": "2022", "v": "2022" },
          { "n": "2021", "v": "2021" },
          { "n": "2020", "v": "2020" },
          { "n": "2019", "v": "2019" },
          { "n": "2018", "v": "2018" },
          { "n": "2017", "v": "2017" },
          { "n": "2016", "v": "2016" },
          { "n": "2015", "v": "2015" },
          { "n": "2014", "v": "2014" },
          { "n": "2013", "v": "2013" },
          { "n": "2012", "v": "2012" },
          { "n": "2011", "v": "2011" },
          { "n": "2010", "v": "2010" }
        ]
      },
      {
        "name": "地区",
        "key": "area",
        "value": [
          { "n": "全部", "v": "" },
          { "n": "内地", "v": "内地" },
          { "n": "港台", "v": "港台" },
          { "n": "日韩", "v": "日韩" },
          { "n": "欧美", "v": "欧美" }
        ]
      },
      {
        "name": "字母",
        "key": "letter",
        "value": [
          { "n": "全部", "v": "" },
          { "n": "A", "v": "A" },
          { "n": "B", "v": "B" },
          { "n": "C", "v": "C" },
          { "n": "D", "v": "D" },
          { "n": "E", "v": "E" },
          { "n": "F", "v": "F" },
          { "n": "G", "v": "G" },
          { "n": "H", "v": "H" },
          { "n": "I", "v": "I" },
          { "n": "J", "v": "J" },
          { "n": "K", "v": "K" },
          { "n": "L", "v": "L" },
          { "n": "M", "v": "M" },
          { "n": "N", "v": "N" },
          { "n": "O", "v": "O" },
          { "n": "P", "v": "P" },
          { "n": "Q", "v": "Q" },
          { "n": "R", "v": "R" },
          { "n": "S", "v": "S" },
          { "n": "T", "v": "T" },
          { "n": "U", "v": "U" },
          { "n": "V", "v": "V" },
          { "n": "W", "v": "W" },
          { "n": "X", "v": "X" },
          { "n": "Y", "v": "Y" },
          { "n": "Z", "v": "Z" },
          { "n": "0-9", "v": "0-9" }
        ]
      },
      {
        "name": "排序",
        "key": "by",
        "value": [
          { "n": "时间", "v": "time" },
          { "n": "人气", "v": "hits" },
          { "n": "评分", "v": "score" }
        ]
      }
    ],
    "5": [
      {
        "name": "年份",
        "key": "year",
        "value": [
          { "n": "全部", "v": "" },
          { "n": "2022", "v": "2022" },
          { "n": "2021", "v": "2021" },
          { "n": "2020", "v": "2020" },
          { "n": "2019", "v": "2019" },
          { "n": "2018", "v": "2018" },
          { "n": "2017", "v": "2017" },
          { "n": "2016", "v": "2016" },
          { "n": "2015", "v": "2015" },
          { "n": "2014", "v": "2014" },
          { "n": "2013", "v": "2013" },
          { "n": "2012", "v": "2012" },
          { "n": "2011", "v": "2011" },
          { "n": "2010", "v": "2010" }
        ]
      },
      {
        "name": "字母",
        "key": "letter",
        "value": [
          { "n": "全部", "v": "" },
          { "n": "A", "v": "A" },
          { "n": "B", "v": "B" },
          { "n": "C", "v": "C" },
          { "n": "D", "v": "D" },
          { "n": "E", "v": "E" },
          { "n": "F", "v": "F" },
          { "n": "G", "v": "G" },
          { "n": "H", "v": "H" },
          { "n": "I", "v": "I" },
          { "n": "J", "v": "J" },
          { "n": "K", "v": "K" },
          { "n": "L", "v": "L" },
          { "n": "M", "v": "M" },
          { "n": "N", "v": "N" },
          { "n": "O", "v": "O" },
          { "n": "P", "v": "P" },
          { "n": "Q", "v": "Q" },
          { "n": "R", "v": "R" },
          { "n": "S", "v": "S" },
          { "n": "T", "v": "T" },
          { "n": "U", "v": "U" },
          { "n": "V", "v": "V" },
          { "n": "W", "v": "W" },
          { "n": "X", "v": "X" },
          { "n": "Y", "v": "Y" },
          { "n": "Z", "v": "Z" },
          { "n": "0-9", "v": "0-9" }
        ]
      },
      {
        "name": "排序",
        "key": "by",
        "value": [
          { "n": "时间", "v": "time" },
          { "n": "人气", "v": "hits" },
          { "n": "评分", "v": "score" }
        ]
      }
    ]
  }
}