{
  "classes": [

{"type_name": "Photoshop","type_id": "Adobe Photoshop"},
{"type_name": "Illustrator","type_id": "Adobe Illustrator"},
{"type_name": "Audition","type_id": "Adobe Audition"},
{"type_name": "Acrobat","type_id": "Adobe Acrobat"},
{"type_name": "Dreamweaver","type_id": "Dreamweaver"},
{"type_name": "Animate","type_id": "Adobe Animate"},
{"type_name": "After Effects","type_id": "Adobe After Effects"},
{"type_name": "Premiere Pro","type_id": "Adobe Premiere Pro"},
{"type_name": "Adobe AIR","type_id": "Adobe AIR"},
{"type_name": "Adobe LightRoom","type_id": "Adobe LightRoom"},
{"type_name": "Adobe fuse","type_id": "Adobe fuse"},
{"type_name": "Adobe XD","type_id": "Adobe XD"},
{"type_name": "Adobe AIR","type_id": "Adobe AIR"}
  ],
  
"cookie": "http://127.0.0.1:9978/file/TVBox/Bilibili/cookie.txt",
  "filter":{
  
"Adobe Photoshop": [
{"key": "order","name": "排序","value": [
{"n": "综合排序","v": "0"},
{"n": "最多点击","v": "click"},
{"n": "最新发布","v": "pubdate"},
{"n": "最多弹幕","v": "dm"},
{"n": "最多收藏","v": "stow"}]
},
{"key": "tid","name": "分类","value": [
{"n": "安装","v": "Adobe Photoshop安装"},
{"n": "基础","v": "Adobe Photoshop基础"},
{"n": "进阶","v": "Adobe Photoshop进阶"},
{"n": "技巧","v": "Adobe Photoshop技巧"}
            ]},

{"key": "duration","name": "时长","value": [
{"n": "全部时长","v": "0"},
{"n": "60分钟以上","v": "4"},
{"n": "30~60分钟","v": "3"},
{"n": "10~30分钟","v": "2"},
{"n": "10分钟以下","v": "1"}
]
}],

"Adobe Illustrator": [
{"key": "order","name": "排序","value": [
{"n": "综合排序","v": "0"},
{"n": "最多点击","v": "click"},
{"n": "最新发布","v": "pubdate"},
{"n": "最多弹幕","v": "dm"},
{"n": "最多收藏","v": "stow"}]
},
{"key": "tid","name": "分类","value": [
{"n": "安装","v": "Adobe Illustrator安装"},
{"n": "基础","v": "Adobe Illustrator基础"},
{"n": "进阶","v": "Adobe Illustrator进阶"},
{"n": "技巧","v": "Adobe Illustrator技巧"}   
           ]},
{"key": "duration","name": "时长","value": [
{"n": "全部时长","v": "0"},
{"n": "60分钟以上","v": "4"},
{"n": "30~60分钟","v": "3"},
{"n": "10~30分钟","v": "2"},
{"n": "10分钟以下","v": "1"}
]}]
}}
