{
  "classes": [
{"type_name": "车模","type_id": "车模"},
{"type_name": "中国车模","type_id": "中国车模"},
{"type_name": "韩国车模","type_id": "韩国车模"},
{"type_name": "日本车模","type_id": "日本车模"},
{"type_name": "欧美车模","type_id": "欧美车模"},
{"type_name": "俄罗斯车模","type_id": "俄罗斯车模"},
{"type_name": "印度车模","type_id": "印度车模"},
{"type_name": "越南车模","type_id": "越南车模"},
{"type_name":"吾爱评测整理","type_id": "吾爱评测"}

    ],
    
 "cookie": "http://127.0.0.1:9978/file/TVBox/Bilibili/cookie.txt",

  "filter": {"车模": [
{"key": "order","name": "排序","value": [
{"n": "综合排序","v": "0"},
{"n": "最多点击","v": "click"},
{"n": "最新发布","v": "pubdate"},
{"n": "最多弹幕","v": "dm"},
{"n": "最多收藏","v": "stow"}
]
},
{"key": "tid","name": "分类","value": [
{"n": "全部","v": "车模4K"},
{"n": "国内车模","v": "国内车模"},
{"n": "韩国车模","v": "韩国车模"},
{"n": "日本车模","v": "日本车模"},
{"n": "欧美车模","v": "欧美车模"},
{"n": "俄罗斯车模","v": "俄罗斯车模"},
{"n": "印度车模","v": "印度车模"},
{"n": "越南车模","v": "越南车模"},
{"n": "韩国许允美","v": "韩国许允美车模超清"},
{"n": "韩国柳多妍","v": "韩国柳多妍车模超清"},
{"n": "韩国林率雅","v": "韩国林率雅车模超清"},
{"n": "韩国海彬","v": "韩国海彬车模超清"},
{"n": "韩国韩敏英","v": "韩国韩敏英车模超清"},
{"n": "韩国金宝拉","v": "韩国金宝拉车模超清"},

{"n": "韩国金罗英","v": "韩国金罗英车模超清"},
{"n": "韩国金美珍","v": "韩国金美珍车模超清"},
{"n": "韩国宋姝儿","v": "韩国宋姝儿车模超清"},
{"n": "韩国金俞敏","v": "韩国金俞敏车模超清"},
{"n": "韩国金在英","v": "韩国金在英车模超清"},        
{"n": "韩国宋姝儿","v": "韩国宋姝儿车模超清"},
{"n": "韩国金达娜","v": "韩国金达娜车模超清"},
{"n": "韩国金夏律","v": "韩国金夏律车模超清"},
{"n": "韩国洪智妍","v": "韩国洪智妍车模超清"},
{"n": "韩国安娜京","v": "韩国安娜京车模超清"},
{"n": "韩国金夏律","v": "韩国金夏律车模超清"},
{"n": "韩国南素拉","v": "韩国南素拉车模超清"}
            ]},

{"key": "duration","name": "时长","value": [
{"n": "全部时长","v": "0"},
{"n": "60分钟以上","v": "4"},
{"n": "30~60分钟","v": "3"},
{"n": "10~30分钟","v": "2"},
{"n": "10分钟以下","v": "1"}

]}
]}
}
