{
  "classes": [
{"type_name": "MV","type_id": "MV"},
{"type_name": "抖音音乐","type_id": "抖音音乐MV"},
{"type_name": "快手音乐","type_id": "快手音乐MV"},
{"type_name": "酷狗音乐","type_id": "酷狗音乐MV"},
{"type_name": "酷我音乐","type_id": "酷我音乐MV"},
{"type_name": "QQ音乐","type_id": "QQ音乐MV"},
{"type_name": "网易音乐","type_id": "网易音乐MV"},
{"type_name": "无损音乐","type_id": "无损音乐"},
{"type_name": "DJ音乐","type_id": "DJ音乐"},
{"type_name": "助眠曲","type_id": "助眠音乐MV"},
{"type_name": "钢琴曲","type_id": "钢琴曲MV"},
{"type_name": "舞曲","type_id": "舞曲超清"},
{"type_name": "卡点","type_id": "影视卡点超清"},
{"type_name": "时光音乐会","type_id": "时光音乐会MV"},
{"type_name": "好声音","type_id": "中国好声音MV"},
{"type_name": "粤语","type_id": "粤语MV"},
{"type_name": "2024年热榜","type_id": "2024年热门MV"},
{"type_name": "KTV热门","type_id": "KTV热门MV"},
{"type_name": "滚石经典","type_id": "滚石MV"},
{"type_name": "经典老歌","type_id": "经典老歌"},
{"type_name": "古风MV","type_id": "古风MV"},
{"type_name": "闽南语MV","type_id": "闽南语MV"},
{"type_name": "印度歌舞","type_id": "印度歌舞MV"},
{"type_name": "网红翻唱","type_id": "网红翻唱MV"},
{"type_name": "韩国女团","type_id": "韩国女团MV"},
{"type_name": "A阿黛尔","type_id": "阿黛尔MV"},  
{"type_name": "Blackpink","type_id": "blackpinkMV"},
{"type_name": "Beyond","type_id": "beyondMV"},
{"type_name": "B坂井泉水","type_id": "坂井泉水MV"},
{"type_name": "B宝丽金","type_id": "宝丽金MV"},
{"type_name": "B布兰妮","type_id": "布兰妮MV"},
{"type_name": "C程响","type_id": "程响MV"},
{"type_name": "C陈晓竹","type_id": "陈晓竹MV"},
{"type_name": "C崔健","type_id": "崔健MV"},
{"type_name": "C蔡依林","type_id": "蔡依林MV"},
{"type_name": "C草蜢","type_id": "草蜢MV"},
{"type_name": "Coldplay","type_id": "coldplayMV"},
{"type_name": "C陈慧娴","type_id": "陈慧娴MV"},
{"type_name": "C陈百强","type_id": "陈百强MV"},
{"type_name": "C陈淑桦","type_id": "陈淑桦MV"},
{"type_name": "C陈瑞","type_id": "陈瑞MV"},
{"type_name": "C陈慧琳","type_id": "陈慧琳MV"},
{"type_name": "D邓丽君","type_id": "邓丽君MV"},
{"type_name": "D邓紫棋","type_id": "邓紫棋MV"},
{"type_name": "D刀郎","type_id": "刀郎MV"},
{"type_name": "D达明一派","type_id": "刘以达MV"},
{"type_name": "F费玉清","type_id": "费玉清MV"},
{"type_name": "F飞图","type_id": "飞图MV"},
{"type_name": "G谷村新司","type_id": "谷村新司MV"},
{"type_name": "G郭富城","type_id": "郭富城MV"},
{"type_name": "G关淑怡","type_id": "关淑怡MV"},
{"type_name": "H黄凯芹","type_id": "黄凯芹MV"},
{"type_name": "H韩磊","type_id": "韩磊MV"},
{"type_name": "J降央卓玛","type_id": "降央卓玛MV"},
{"type_name": "J江慧","type_id": "江慧MV"},
{"type_name": "J吉永小百合","type_id": "吉永小百合MV"},
{"type_name": "J金庸","type_id": "金庸影视MV"},
{"type_name": "K柯以敏","type_id": "柯以敏MV"},
{"type_name": "K邝美云","type_id": "邝美云MV"},
{"type_name": "L林北北","type_id": "林北北MV"},
{"type_name": "L林谦谦","type_id": "林谦谦MV"},
{"type_name": "L刘惜君","type_id": "刘惜君MV"},
{"type_name": "L梁雁翎","type_id": "梁雁翎MV"},
{"type_name": "L刘德华","type_id": "刘德华MV"},
{"type_name": "Lady Gaga","type_id": "Lady GagaMV"},
{"type_name": "L龙飘飘","type_id": "龙飘飘MV"},
{"type_name": "L李贞贤","type_id": "李贞贤MV"},
{"type_name": "L李秀英","type_id": "李秀英MV"},
{"type_name": "L罗大佑","type_id": "罗大佑MV"},
{"type_name": "L林志炫","type_id": "林志炫MV"},
{"type_name": "L林忆莲","type_id": "林忆莲MV"},
{"type_name": "L李知恩","type_id": "李知恩MV"},
{"type_name": "L梁静茹","type_id": "梁静茹MV"},
{"type_name": "L冷漠","type_id": "冷漠MV"},
{"type_name": "L李克勤","type_id": "李克勤MV"},
{"type_name": "L林子祥","type_id": "林子祥MV"},
{"type_name": "L黎明","type_id": "黎明MV"},
{"type_name": "L刘若英","type_id": "刘若英MV"},
{"type_name": "M莫文蔚","type_id": "莫文蔚MV"},
{"type_name": "M孟庭苇","type_id": "孟庭苇MV"},
{"type_name": "M麦当娜","type_id": "麦当娜MV"},
{"type_name": "M迈克杰克逊","type_id": "迈克杰克逊MV"},
{"type_name": "N雅尼紫禁城","type_id": "雅尼紫禁城MV"},
{"type_name": "P潘越云","type_id": "潘越云MV"},
{"type_name": "P潘美辰","type_id": "潘美辰MV"},
{"type_name": "Q齐秦","type_id": "齐秦MV"},
{"type_name": "R任贤齐","type_id": "任贤齐MV"},
{"type_name": "S苏慧伦","type_id": "苏慧伦MV"},
{"type_name": "T童珺","type_id": "童珺MV"},
{"type_name": "T童安格","type_id": "童安格MV"},
{"type_name": "TFBOYS","type_id": "TFBOYSMV"},
{"type_name": "T太极乐队","type_id": "太极乐队MV"},
{"type_name": "T唐朝摇滚","type_id": "唐朝摇滚MV"},
{"type_name": "T谭咏麟","type_id": "谭咏麟MV"},
{"type_name": "W王琪","type_id": "王琪MV"},
{"type_name": "W伍珂玥","type_id": "伍珂玥MV"},
{"type_name": "W王杰","type_id": "王杰MV"},
{"type_name": "W伍佰","type_id": "伍佰MV"},
{"type_name": "W温兆伦","type_id": "温兆伦MV"},
{"type_name": "W王菲","type_id": "王菲MV"},
{"type_name": "X夏婉安","type_id": "夏婉安MV"},
{"type_name": "X徐小凤","type_id": "徐小凤MV"},
{"type_name": "X席琳迪翁","type_id": "席琳迪翁MV"},
{"type_name": "X许嵩","type_id": "黄许嵩MV"},
{"type_name": "X许美静","type_id": "许美静MV"},
{"type_name": "X许冠杰","type_id": "许冠杰MV"},
{"type_name": "X熊天平","type_id": "熊天平MV"},
{"type_name": "X小虎队","type_id": "小虎队MV"},
{"type_name": "X许巍","type_id": "许巍MV"},
{"type_name": "Y叶启田","type_id": "叶启田MV"},
{"type_name": "Y杨钰莹","type_id": "杨钰莹MV"},
{"type_name": "Y叶玉卿","type_id": "叶玉卿MV"},
{"type_name": "Y杨千嬅","type_id": "杨千嬅MV"},
{"type_name": "Y怡正宵","type_id": "怡正宵MV"},
{"type_name": "Z左麟右李","type_id": "左麟右李MV"},
{"type_name": "Z张楚","type_id": "张楚MV"},
{"type_name": "Z张真","type_id": "张真MV"},
{"type_name": "Z张震岳","type_id": "张震岳MV"},
{"type_name": "Z赵传","type_id": "赵传MV"},
{"type_name": "Z周华健","type_id": "周华健MV"},
{"type_name": "Z周启生","type_id": "周启生MV"},
{"type_name": "Z张信哲","type_id": "张信哲MV"},
{"type_name": "Z张也","type_id": "张也MV"},
{"type_name": "Z周慧敏","type_id": "周慧敏MV"},  
{"type_name": "Z张碧晨","type_id": "张碧晨MV"},
{"type_name": "Z中岛美雪","type_id": "中岛美雪MV"},
{"type_name": "Z张学友","type_id": "张学友MV"},
{"type_name": "Z猪哥亮","type_id": "猪哥亮MV"},
{"type_name": "Z周杰伦","type_id": "周杰伦MV"},
{"type_name": "Z周深","type_id": "周深MV"},
{"type_name": "Z张蔷","type_id": "张蔷MV"},
{"type_name": "Z张帝","type_id": "张帝MV"},
{"type_name": "Z张国荣","type_id": "张国荣MV"},
{"type_name": "Z周传雄","type_id": "周传雄MV"}
  ],
  
"cookie": "http://127.0.0.1:9978/file/TVBox/Bilibili/cookie.txt",

  
  "filter":{
  
      "抖音音乐MV": [
{"key": "order","name": "排序","value": [
{"n": "综合排序","v": "0"},
{"n": "最多点击","v": "click"},
{"n": "最新发布","v": "pubdate"},
{"n": "最多弹幕","v": "dm"},
{"n": "最多收藏","v": "stow"}
]},
{"key": "tid","name": "年代","value": [
{"n": "全部","v": "歌曲"},
{"n": "2024年","v": "2024年抖音MV"},
{"n": "2023年","v": "2023年抖音MV"},
{"n": "2022年","v": "2022年抖音MV"},
{"n": "2021年","v": "2021年抖音MV"},
{"n": "2020年","v": "2020年抖音MV"},
{"n": "2019年","v": "2019年抖音MV"}
]},
{"key": "duration","name": "时长","value": [
{"n": "全部","v": "0"},
{"n": "60分钟以上","v": "4"},
{"n": "30~60分钟","v": "3"},
{"n": "10~30分钟","v": "2"},
{"n": "10分钟以下","v": "1"}
]}
],
  "快手音乐MV": [
{"key": "order","name": "排序","value": [
{"n": "综合排序","v": "0"},
{"n": "最多点击","v": "click"},
{"n": "最新发布","v": "pubdate"},
{"n": "最多弹幕","v": "dm"},
{"n": "最多收藏","v": "stow"}
]},
{"key": "tid","name": "年代","value": [
{"n": "全部","v": "歌曲"},
{"n": "2024年","v": "2024年快手MV"},
{"n": "2023年","v": "2023年快手MV"},
{"n": "2022年","v": "2022年快手MV"},
{"n": "2021年","v": "2021年快手MV"},
{"n": "2020年","v": "2020年快手MV"},
{"n": "2019年","v": "2019年快手MV"}
]},
{"key": "duration","name": "时长","value": [
{"n": "全部","v": "0"},
{"n": "60分钟以上","v": "4"},
{"n": "30~60分钟","v": "3"},
{"n": "10~30分钟","v": "2"},
{"n": "10分钟以下","v": "1"}
]}
],
       "酷狗音乐MV": [
{"key": "order","name": "排序","value": [
{"n": "综合排序","v": "0"},
{"n": "最多点击","v": "click"},
{"n": "最新发布","v": "pubdate"},
{"n": "最多弹幕","v": "dm"},
{"n": "最多收藏","v": "stow"}
]},
{"key": "tid","name": "年代","value": [
{"n": "全部","v": "歌曲"},
{"n": "2024年","v": "2024年酷狗MV"},
{"n": "2023年","v": "2023年酷狗MV"},
{"n": "2022年","v": "2022年酷狗MV"},
{"n": "2021年","v": "2021年酷狗MV"},
{"n": "2020年","v": "2020年酷狗MV"},
{"n": "2019年","v": "2019年酷狗MV"}
]},
{"key": "duration","name": "时长","value": [
{"n": "全部","v": "0"},
{"n": "60分钟以上","v": "4"},
{"n": "30~60分钟","v": "3"},
{"n": "10~30分钟","v": "2"},
{"n": "10分钟以下","v": "1"}
]}
],
       "酷我音乐MV": [
{"key": "order","name": "排序","value": [
{"n": "综合排序","v": "0"},
{"n": "最多点击","v": "click"},
{"n": "最新发布","v": "pubdate"},
{"n": "最多弹幕","v": "dm"},
{"n": "最多收藏","v": "stow"}
]},
{"key": "tid","name": "年代","value": [
{"n": "全部","v": "歌曲"},
{"n": "2024年","v": "2024年酷我MV"},
{"n": "2023年","v": "2023年酷我MV"},
{"n": "2022年","v": "2022年酷我MV"},
{"n": "2021年","v": "2021年酷我MV"},
{"n": "2020年","v": "2020年酷我MV"},
{"n": "2019年","v": "2019年酷我MV"}
]},
{"key": "duration","name": "时长","value": [
{"n": "全部","v": "0"},
{"n": "60分钟以上","v": "4"},
{"n": "30~60分钟","v": "3"},
{"n": "10~30分钟","v": "2"},
{"n": "10分钟以下","v": "1"}
]}
],
       "QQ音乐MV": [
{"key": "order","name": "排序","value": [
{"n": "综合排序","v": "0"},
{"n": "最多点击","v": "click"},
{"n": "最新发布","v": "pubdate"},
{"n": "最多弹幕","v": "dm"},
{"n": "最多收藏","v": "stow"}
]},
{"key": "tid","name": "年代","value": [
{"n": "全部","v": "歌曲"},
{"n": "2024年","v": "2024年QQ音乐MV"},
{"n": "2023年","v": "2023年QQ音乐MV"},
{"n": "2022年","v": "2022年QQ音乐MV"},
{"n": "2021年","v": "2021年QQ音乐MV"},
{"n": "2020年","v": "2020年QQ音乐MV"},
{"n": "2019年","v": "2019年QQ音乐MV"}
]},
{"key": "duration","name": "时长","value": [
{"n": "全部","v": "0"},
{"n": "60分钟以上","v": "4"},
{"n": "30~60分钟","v": "3"},
{"n": "10~30分钟","v": "2"},
{"n": "10分钟以下","v": "1"}
]}
],
  
         "网易音乐MV": [
{"key": "order","name": "排序","value": [
{"n": "综合排序","v": "0"},
{"n": "最多点击","v": "click"},
{"n": "最新发布","v": "pubdate"},
{"n": "最多弹幕","v": "dm"},
{"n": "最多收藏","v": "stow"}
]},
{"key": "tid","name": "年代","value": [
{"n": "全部","v": "歌曲"},
{"n": "2024年","v": "2024年网易MV"},
{"n": "2023年","v": "2023年网易MV"},
{"n": "2022年","v": "2022年网易MV"},
{"n": "2021年","v": "2021年网易MV"},
{"n": "2020年","v": "2020年网易MV"},
{"n": "2019年","v": "2019年网易MV"}
]},
{"key": "duration","name": "时长","value": [
{"n": "全部","v": "0"},
{"n": "60分钟以上","v": "4"},
{"n": "30~60分钟","v": "3"},
{"n": "10~30分钟","v": "2"},
{"n": "10分钟以下","v": "1"}
]}
],
  
      "DJ音乐": [
{"key": "order","name": "排序","value": [
{"n": "综合排序","v": "0"},
{"n": "最多点击","v": "click"},
{"n": "最新发布","v": "pubdate"},
{"n": "最多弹幕","v": "dm"},
{"n": "最多收藏","v": "stow"}
]},
{"key": "tid","name": "分类1","value": [
{"n": "全部","v": "Dj歌曲"},
{"n": "DJ合集","v": "DJ合集"},
{"n": "情歌DJ","v": "情歌DJ"},
{"n": "电音DJ","v": "电音DJ"},
{"n": "劲爆DJ音乐","v": "劲爆DJ音乐"},
{"n": "嘻哈舞曲DJ","v": "嘻哈舞曲DJ"},
{"n": "流行舞曲DJ","v": "流行舞曲DJ"},
{"n": "民族舞曲DJ","v": "民族舞曲DJ"},
{"n": "车载舞曲DJ","v": "车载舞曲DJ"},
{"n": "抖音热歌DJ","v": "抖音热歌DJ"}
]},
{"key": "tid","name": "年代","value": [
{"n": "全部","v": "歌曲"},
{"n": "2024年","v": "2024年DJ音乐"},
{"n": "2023年","v": "2023年DJ音乐"},
{"n": "2022年","v": "2022年DJ音乐"},
{"n": "2021年","v": "2021年DJ音乐"},
{"n": "2020年","v": "2020年DJ音乐"},
{"n": "2019年","v": "2019年DJ音乐"}
]},
{"key": "duration","name": "时长","value": [
{"n": "全部","v": "0"},
{"n": "60分钟以上","v": "4"},
{"n": "30~60分钟","v": "3"},
{"n": "10~30分钟","v": "2"},
{"n": "10分钟以下","v": "1"}
]}
],
  
    "助眠音乐MV": [
{"key": "order","name": "排序","value": [
{"n": "综合排序","v": "0"},
{"n": "最多点击","v": "click"},
{"n": "最新发布","v": "pubdate"},
{"n": "最多弹幕","v": "dm"},
{"n": "最多收藏","v": "stow"}
]},
{"key": "duration","name": "时长","value": [
{"n": "全部","v": "0"},
{"n": "60分钟以上","v": "4"},
{"n": "30~60分钟","v": "3"},
{"n": "10~30分钟","v": "2"},
{"n": "10分钟以下","v": "1"}
]}
],
  
  "钢琴曲MV": [
{"key": "duration","name": "时长","value": [
{"n": "全部","v": "0"},
{"n": "60分钟以上","v": "4"},
{"n": "30~60分钟","v": "3"},
{"n": "10~30分钟","v": "2"},
{"n": "10分钟以下","v": "1"}
]}
],
  
    "舞曲超清": [
{"key": "tid","name": "分类","value": [
{"n": "全部","v": "舞曲"},
{"n": "迪厅舞曲", "v": "迪厅舞曲超清"},
{"n": "快四舞曲", "v": "快四舞曲超清"},
{"n": "伦巴舞曲","v": "伦巴超清"},
{"n": "慢三步舞曲","v": "慢三步舞曲超清"},
{"n": "中三步舞曲","v": "中三步舞曲超清"},
{"n": "圆舞曲","v": "圆舞曲超清"},
{"n": "小步舞曲","v": "小步舞曲超清"},
{"n": "马祖卡舞曲","v": "马祖卡舞曲超清"},
{"n": "波洛奈兹舞曲","v": "波洛奈兹舞曲超清"},
{"n": "波尔卡舞曲","v": "波尔卡舞曲超清"},
{"n": "加沃特舞曲","v": "加沃特舞曲超清"}
]},

{"key": "duration","name": "时长","value": [
{"n": "全部时长","v": "0"},
{"n": "60分钟以上","v": "4"},
{"n": "30~60分钟","v": "3"},
{"n": "10~30分钟","v": "2"},
{"n": "10分钟以下","v": "1"}
]}],
  
   "影视卡点超清": [
{"key": "tid","name": "分类","value": [
{"n": "全部","v": "卡点音乐"},
{"n": "热舞卡点", "v": "热舞卡点超清"},
{"n": "美女卡点", "v": "美女卡点超清"},
{"n": "MV音乐","v": "MV卡点超清"},
{"n": "宠物卡点","v": "宠物卡点超清"},
{"n": "体育卡点","v": "体育卡点超清"},
{"n": "影视卡点","v": "影视卡点超清"},
{"n": "越南鼓卡点","v": "越南鼓阿依莫卡点超清"}
]},

{"key": "duration","name": "时长","value": [
{"n": "全部时长","v": "0"},
{"n": "60分钟以上","v": "4"},
{"n": "30~60分钟","v": "3"},
{"n": "10~30分钟","v": "2"},
{"n": "10分钟以下","v": "1"}
]}],
  
    "时光音乐会MV": [
{"key": "tid","name": "年代","value": [
{"n": "全部","v": "歌曲"},
{"n": "2024年","v": "2024年时光音乐会MV"},
{"n": "2023年","v": "2023年时光音乐会MV"},
{"n": "2022年","v": "2022年时光音乐会MV"}
]},
    
{"key": "duration","name": "时长","value": [
{"n": "全部","v": "0"},
{"n": "60分钟以上","v": "4"},
{"n": "30~60分钟","v": "3"},
{"n": "10~30分钟","v": "2"},
{"n": "10分钟以下","v": "1"}
]}
],
  
  
    "中国好声音MV": [
{"key": "tid","name": "分类","value": [
{"n": "全部","v": "歌曲"},
{"n": "男歌手","v": "中国好声音男歌手"},
{"n": "女歌手","v": "中国好声音女歌手"},
{"n": "儿童歌手","v": "儿童好声音MV"}
]},
    
{"key": "duration","name": "时长","value": [
{"n": "全部","v": "0"},
{"n": "60分钟以上","v": "4"},
{"n": "30~60分钟","v": "3"},
{"n": "10~30分钟","v": "2"},
{"n": "10分钟以下","v": "1"}
]}
],
       
   "无损音乐": [
{"key": "tid","name": "分类","value": [
{"n": "全部","v": "歌曲"},
{"n": "男歌手","v": "男声无损音乐"},
{"n": "女歌手","v": "女声无损音乐"},
{"n": "儿童歌手","v": "童声无损音乐"},
{"n": "DJ","v": "DJ无损音乐"},
{"n": "轻音乐","v": "轻音乐无损音乐"},
{"n": "钢琴曲","v": "钢琴曲无损音乐"},
{"n": "萨克斯","v": "萨克斯无损音乐"},
{"n": "小提琴","v": "小提琴无损音乐"},
{"n": "摇滚","v": "摇滚无损音乐"},
{"n": "环绕","v": "环绕无损音乐"}
]},
{"key": "tid","name": "年代","value": [
{"n": "全部","v": "歌曲"},
{"n": "2024年","v": "2024年DJ音乐"},
{"n": "2023年","v": "2023年DJ音乐"},
{"n": "2022年","v": "2022年DJ音乐"},
{"n": "2021年","v": "2021年DJ音乐"},
{"n": "2020年","v": "2020年DJ音乐"},
{"n": "2019年","v": "2019年DJ音乐"}
]},
{"key": "duration","name": "时长","value": [
{"n": "全部","v": "0"},
{"n": "60分钟以上","v": "4"},
{"n": "30~60分钟","v": "3"},
{"n": "10~30分钟","v": "2"},
{"n": "10分钟以下","v": "1"}
]}
],
  
    "粤语MV": [
{"key": "tid","name": "分类","value": [
{"n": "全部","v": "歌曲"},
{"n": "男歌手","v": "粤语MV男歌手"},
{"n": "女歌手","v": "粤语MV女歌手"}
]},
{"key": "tid","name": "年代","value": [
{"n": "全部","v": "歌曲"},
{"n": "2024年","v": "2024年粤语MV"},
{"n": "2023年","v": "2023年粤语MV"},
{"n": "2022年","v": "2022年粤语MV"},
{"n": "2021年","v": "2021年粤语MV"},
{"n": "2020年","v": "2020年粤语MV"},
{"n": "2019年","v": "2019年粤语MV"}
]},
{"key": "duration","name": "时长","value": [
{"n": "全部","v": "0"},
{"n": "60分钟以上","v": "4"},
{"n": "30~60分钟","v": "3"},
{"n": "10~30分钟","v": "2"},
{"n": "10分钟以下","v": "1"}
]}
],
    "2024年热门MV": [
{"key": "tid","name": "分类","value": [
{"n": "全部","v": "歌曲"},
{"n": "男歌手","v": "男歌手2024年热门MV"},
{"n": "女歌手","v": "女歌手2024年热门MV"}
]},
{"key": "duration","name": "时长","value": [
{"n": "全部","v": "0"},
{"n": "60分钟以上","v": "4"},
{"n": "30~60分钟","v": "3"},
{"n": "10~30分钟","v": "2"},
{"n": "10分钟以下","v": "1"}
]}
],
    "KTV热门MV": [
{"key": "tid","name": "分类","value": [
{"n": "全部","v": "歌曲"},
{"n": "男歌手","v": "KTV男歌手MV"},
{"n": "女歌手","v": "KTV男歌手MV"}
]},
{"key": "tid","name": "年代","value": [
{"n": "全部","v": "歌曲"},
{"n": "2024年","v": "2024年KTV热门MV"},
{"n": "2023年","v": "2023年KTV热门MV"},
{"n": "2022年","v": "2022年KTV热门MV"},
{"n": "2021年","v": "2021年KTV热门MV"},
{"n": "2020年","v": "2020年KTV热门MV"},
{"n": "2019年","v": "2019年KTV热门MV"}
]},
{"key": "duration","name": "时长","value": [
{"n": "全部","v": "0"},
{"n": "60分钟以上","v": "4"},
{"n": "30~60分钟","v": "3"},
{"n": "10~30分钟","v": "2"},
{"n": "10分钟以下","v": "1"}
]}
],
    "滚石MV": [
{"key": "tid","name": "分类","value": [
{"n": "全部","v": "歌曲"},
{"n": "男歌手","v": "男歌手滚石MV"},
{"n": "女歌手","v": "女歌手滚石MV"}
]},
{"key": "duration","name": "时长","value": [
{"n": "全部","v": "0"},
{"n": "60分钟以上","v": "4"},
{"n": "30~60分钟","v": "3"},
{"n": "10~30分钟","v": "2"},
{"n": "10分钟以下","v": "1"}
]}
],
    "经典老歌": [
{"key": "tid","name": "分类","value": [
{"n": "全部","v": "歌曲"},
{"n": "男歌手","v": "男歌手经典老歌"},
{"n": "女歌手","v": "女歌手经典老歌"}
]},
{"key": "duration","name": "时长","value": [
{"n": "全部","v": "0"},
{"n": "60分钟以上","v": "4"},
{"n": "30~60分钟","v": "3"},
{"n": "10~30分钟","v": "2"},
{"n": "10分钟以下","v": "1"}
]}
],
    "古风MV": [
{"key": "tid","name": "分类","value": [
{"n": "全部","v": "歌曲"},
{"n": "男歌手","v": "男歌手古风MV"},
{"n": "女歌手","v": "女歌手古风MV"}
]},
{"key": "duration","name": "时长","value": [
{"n": "全部","v": "0"},
{"n": "60分钟以上","v": "4"},
{"n": "30~60分钟","v": "3"},
{"n": "10~30分钟","v": "2"},
{"n": "10分钟以下","v": "1"}
]}
],
    "闽南语MV": [
{"key": "tid","name": "分类","value": [
{"n": "全部","v": "歌曲"},
{"n": "男歌手","v": "男歌手闽南语MV"},
{"n": "女歌手","v": "女歌手闽南语MV"}
]},
{"key": "duration","name": "时长","value": [
{"n": "全部","v": "0"},
{"n": "60分钟以上","v": "4"},
{"n": "30~60分钟","v": "3"},
{"n": "10~30分钟","v": "2"},
{"n": "10分钟以下","v": "1"}
]}
],
    "印度歌舞MV": [
{"key": "tid","name": "分类","value": [
{"n": "全部","v": "歌曲"},
{"n": "男歌手","v": "男歌手印度歌舞MV"},
{"n": "女歌手","v": "女歌手印度歌舞MV"}
]},
{"key": "tid","name": "年代","value": [
{"n": "全部","v": "歌曲"},
{"n": "2024年","v": "2024年印度歌舞MV"},
{"n": "2023年","v": "2023年印度歌舞MV"},
{"n": "2022年","v": "2022年印度歌舞MV"},
{"n": "2021年","v": "2021年印度歌舞MV"},
{"n": "2020年","v": "2020年印度歌舞MV"},
{"n": "2019年","v": "2019年印度歌舞MV"}
]},
{"key": "duration","name": "时长","value": [
{"n": "全部","v": "0"},
{"n": "60分钟以上","v": "4"},
{"n": "30~60分钟","v": "3"},
{"n": "10~30分钟","v": "2"},
{"n": "10分钟以下","v": "1"}
]}
],
    
  "网红翻唱MV": [
{"key": "tid","name": "分类","value": [
{"n": "全部","v": "歌曲"},
{"n": "男歌手","v": "男歌手网红翻唱MV"},
{"n": "女歌手","v": "女歌手网红翻唱MV"}
]},
{"key": "tid","name": "年代","value": [
{"n": "全部","v": "歌曲"},
{"n": "2024年","v": "2024年网红翻唱MV"},
{"n": "2023年","v": "2023年网红翻唱MV"},
{"n": "2022年","v": "2022年网红翻唱MV"},
{"n": "2021年","v": "2021年网红翻唱MV"},
{"n": "2020年","v": "2020年网红翻唱MV"},
{"n": "2019年","v": "2019年网红翻唱MV"}
]},
{"key": "duration","name": "时长","value": [
{"n": "全部","v": "0"},
{"n": "60分钟以上","v": "4"},
{"n": "30~60分钟","v": "3"},
{"n": "10~30分钟","v": "2"},
{"n": "10分钟以下","v": "1"}
]}
],
    
  "韩国女团MV": [
{"key": "tid","name": "年代","value": [
{"n": "全部","v": "歌曲"},
{"n": "2024年","v": "2024年韩国女团MV"},
{"n": "2023年","v": "2023年韩国女团MV"},
{"n": "2022年","v": "2022年韩国女团MV"},
{"n": "2021年","v": "2021年韩国女团MV"},
{"n": "2020年","v": "2020年韩国女团MV"},
{"n": "2019年","v": "2019年韩国女团MV"}
]},
{"key": "duration","name": "时长","value": [
{"n": "全部","v": "0"},
{"n": "60分钟以上","v": "4"},
{"n": "30~60分钟","v": "3"},
{"n": "10~30分钟","v": "2"},
{"n": "10分钟以下","v": "1"}
 ]}
],
    
    
    "MV": [
{"key": "order","name": "排序","value": [
{"n": "综合排序","v": "0"},
{"n": "最多点击","v": "click"},
{"n": "最新发布","v": "pubdate"},
{"n": "最多弹幕","v": "dm"},
{"n": "最多收藏","v": "stow"}
]},
{"key": "tid","name": "年代","value": [
{"n": "全部","v": "歌曲"},
{"n": "2024年","v": "2024年MV"},
{"n": "2023年","v": "2023年MV"},
{"n": "2022年","v": "2022年MV"},
{"n": "2021年","v": "2021年MV"},
{"n": "2020年","v": "2020年MV"},
{"n": "2019年","v": "2019年MV"}
]},

{"key": "tid","name": "分类","value": [
{"n":"全部","v":"MV4K"},
{"n":"A阿杜","v":"阿杜MV4K"},
{"n":"A阿黛尔","v":"阿黛尔MV4K"},
{"n":"BBeyond","v":"BeyondMV4K"},
{"n":"BBy2","v":"By2MV4K"},
{"n":"BBIGBANG","v":"BIGBANGMV4K"},
{"n":"B布兰妮","v":"布兰妮MV4K"},
{"n":"C程响","v":"程响MV4K"},
{"n":"C陈晓竹","v":"陈晓竹MV4K"},
{"n":"C陈奕迅","v":"陈奕迅MV4K"},
{"n":"C蔡依林","v":"蔡依林MV4K"},
{"n":"C初音未来","v":"初音未来MV4K"},
{"n":"C蔡健雅","v":"蔡健雅MV4K"},
{"n":"C陈小春","v":"陈小春MV4K"},
{"n":"C草蜢","v":"草蜢MV4K"},
{"n":"C陈慧娴","v":"陈慧娴MV4K"},
{"n":"C崔健","v":"崔健MV4K"},
{"n":"C仓木麻衣","v":"仓木麻衣MV4K"},
{"n":"D戴荃","v":"戴荃MV4K"},
{"n":"D动力火车","v":"动力火车MV4K"},
{"n":"D邓丽君","v":"邓丽君MV4K"},
{"n":"D丁当","v":"丁当MV4K"},
{"n":"D刀郎","v":"刀郎MV4K"},
{"n":"D邓紫棋","v":"邓紫棋MV4K"},
{"n":"D戴佩妮","v":"戴佩妮MV4K"},
{"n":"D邓丽君","v":"邓丽君MV4K"},
{"n":"F飞儿乐队","v":"飞儿乐队MV4K"},
{"n":"F费玉清","v":"费玉清MV4K"},
{"n":"F费翔","v":"费翔MV4K"},
{"n":"F方大同","v":"方大同MV4K"},
{"n":"F房东的猫","v":"房东的猫MV4K"},
{"n":"F凤飞飞","v":"凤飞飞MV4K"},
{"n":"F凤凰传奇","v":"凤凰传奇MV4K"},
{"n":"G古风歌曲","v":"古风歌曲4K"},
{"n":"G国乐大典","v":"国乐大典4K"},
{"n":"G郭采洁","v":"郭采洁MV4K"},
{"n":"G光良","v":"光良MV4K"},
{"n":"G郭静","v":"郭静MV4K"},
{"n":"G郭富城","v":"郭富城MV4K"},
{"n":"H胡彦斌","v":"胡彦斌MV4K"},
{"n":"H胡夏","v":"胡夏MV4K"},
{"n":"H韩磊","v":"韩磊MV4K"},
{"n":"H韩红","v":"韩红MV4K"},
{"n":"H黄品源","v":"黄品源MV4K"},
{"n":"H黄小琥","v":"黄小琥MV4K"},
{"n":"H花儿乐队","v":"花儿乐队MV4K"},
{"n":"H黄家强","v":"黄家强MV4K"},
{"n":"H后街男孩","v":"后街男孩MV4K"},
{"n":"J经典老歌","v":"经典老歌4K"},
{"n":"J贾斯丁比伯","v":"贾斯丁比伯MV4K"},
{"n":"J金池","v":"金池MV4K"},
{"n":"J金志文","v":"金志文MV4K"},
{"n":"J焦迈奇","v":"焦迈奇MV4K"},
{"n":"K筷子兄弟","v":"筷子兄弟MV4K"},
{"n":"L林北北","v":"林北北MV4K"},
{"n":"L林谦谦","v":"林谦谦MV4K"},
{"n":"L刘惜君","v":"刘惜君MV4K"},
{"n":"L刘珂矣","v":"刘珂矣MV4K"},
{"n":"L梁雁翎","v":"梁雁翎MV4K"},
{"n":"L李玟","v":"李玟MV4K"},
{"n":"L林忆莲","v":"林忆莲MV4K"},
{"n":"L李克勤","v":"李克勤MV4K"},
{"n":"L刘宪华","v":"刘宪华MV4K"},
{"n":"L李圣杰","v":"李圣杰MV4K"},
{"n":"L林宥嘉","v":"林宥嘉MV4K"},
{"n":"L梁静茹","v":"梁静茹MV4K"},
{"n":"L李健","v":"李健MV4K"},
{"n":"L林俊杰","v":"林俊杰MV4K"},
{"n":"L李玉刚","v":"李玉刚MV4K"},
{"n":"L林志炫","v":"林志炫MV4K"},
{"n":"L李荣浩","v":"李荣浩MV4K"},
{"n":"L李宇春","v":"李宇春MV4K"},
{"n":"L洛天依","v":"洛天依MV4K"},
{"n":"L林子祥","v":"林子祥MV4K"},
{"n":"L李宗盛","v":"李宗盛MV4K"},
{"n":"L黎明","v":"黎明MV4K"},
{"n":"L刘德华","v":"刘德华MV4K"},
{"n":"L罗大佑","v":"罗大佑MV4K"},
{"n":"L林肯公园","v":"林肯公园MV4K"},
{"n":"LLadyGaga","v":"LadyGagaMV4K"},
{"n":"L旅行团乐队","v":"旅行团乐队MV4K"},
{"n":"M莫文蔚","v":"莫文蔚MV4K"},
{"n":"M毛不易","v":"毛不易MV4K"},
{"n":"M梅艳芳","v":"梅艳芳MV4K"},
{"n":"M迈克尔杰克逊","v":"迈克尔杰克逊MV4K"},
{"n":"N南拳妈妈","v":"南拳妈妈MV4K"},
{"n":"P朴树","v":"朴树MV4K"},
{"n":"Q齐秦","v":"齐秦MV4K"},
{"n":"Q青鸟飞鱼","v":"青鸟飞鱼MV4K"},
{"n":"R容祖儿","v":"容祖儿MV4K"},
{"n":"R热歌","v":"热歌MV4K"},
{"n":"R任贤齐","v":"任贤齐MV4K"},
{"n":"S水木年华","v":"水木年华MV4K"},
{"n":"S孙燕姿","v":"孙燕姿MV4K"},
{"n":"S苏打绿","v":"苏打绿MV4K"},
{"n":"SSHE","v":"SHEMV4K"},
{"n":"S孙楠","v":"孙楠MV4K"},
{"n":"T童珺","v":"童珺MV4K"},
{"n":"T童安格","v":"童安格MV4K"},
{"n":"T陶喆","v":"陶喆MV4K"},
{"n":"T谭咏麟","v":"谭咏麟MV4K"},
{"n":"T田馥甄","v":"田馥甄MV4K"},
{"n":"T谭维维","v":"谭维维MV4K"},
{"n":"T逃跑计划","v":"逃跑计划MV4K"},
{"n":"T田震","v":"田震MV4K"},
{"n":"T谭晶","v":"谭晶MV4K"},
{"n":"T屠洪刚","v":"屠洪刚MV4K"},
{"n":"T泰勒·斯威夫特","v":"泰勒·斯威夫特MV4K"},
{"n":"W王力宏","v":"王力宏MV4K"},
{"n":"W王杰","v":"王杰MV4K"},
{"n":"W吴克群","v":"吴克群MV4K"},
{"n":"W王心凌","v":"王心凌MV4K"},
{"n":"W汪峰","v":"汪峰MV4K"},
{"n":"W伍佰","v":"伍佰MV4K"},
{"n":"W王菲","v":"王菲MV4K"},
{"n":"W五月天","v":"五月天MV4K"},
{"n":"W汪苏泷","v":"汪苏泷MV4K"},
{"n":"X夏婉安","v":"夏婉安MV4K"},
{"n":"X徐佳莹","v":"徐佳莹MV4K"},
{"n":"X弦子","v":"弦子MV4K"},
{"n":"X萧亚轩","v":"萧亚轩MV4K"},
{"n":"X许巍","v":"许巍MV4K"},
{"n":"X薛之谦","v":"薛之谦MV4K"},
{"n":"X许嵩","v":"许嵩MV4K"},
{"n":"X小虎队","v":"小虎队MV4K"},
{"n":"X萧敬腾","v":"萧敬腾MV4K"},
{"n":"X谢霆锋","v":"谢霆锋MV4K"},
{"n":"X徐小凤","v":"徐小凤MV4K"},
{"n":"X信乐队","v":"信乐队MV4K"},
{"n":"Y夜愿乐队","v":"夜愿乐队MV4K"},
{"n":"Y原创音乐","v":"原创音乐MV4K"},
{"n":"Y羽泉","v":"羽泉MV4K"},
{"n":"Y粤语","v":"粤语MV4K"},
{"n":"Y郁可唯","v":"郁可唯MV4K"},
{"n":"Y叶倩文","v":"叶倩文MV4K"},
{"n":"Y杨坤","v":"杨坤MV4K"},
{"n":"Y庾澄庆","v":"庾澄庆MV4K"},
{"n":"Y尤长靖","v":"尤长靖MV4K"},
{"n":"Y易烊千玺","v":"易烊千玺MV4K"},
{"n":"Y袁娅维","v":"袁娅维MV4K"},
{"n":"Y杨丞琳","v":"杨丞琳MV4K"},
{"n":"Y杨千嬅","v":"杨千嬅MV4K"},
{"n":"Y杨宗纬","v":"杨宗纬MV4K"},
{"n":"Z周杰伦","v":"周杰伦MV4K"},
{"n":"Z张学友","v":"张学友MV4K"},
{"n":"Z张信哲","v":"张信哲MV4K"},
{"n":"Z张宇","v":"张宇MV4K"},
{"n":"Z周华健","v":"周华健MV4K"},
{"n":"Z张韶涵","v":"张韶涵MV4K"},
{"n":"Z周深","v":"周深MV4K"},
{"n":"Z纵贯线","v":"纵贯线MV4K"},
{"n":"Z赵雷","v":"赵雷MV4K"},
{"n":"Z周传雄","v":"周传雄MV4K"},
{"n":"Z张国荣","v":"张国荣MV4K"},
{"n":"Z周慧敏","v":"周慧敏MV4K"},
{"n":"Z张惠妹","v":"张惠妹MV4K"},
{"n":"Z周笔畅","v":"周笔畅MV4K"},
{"n":"Z郑中基","v":"郑中基MV4K"},
{"n":"Z张艺兴","v":"张艺兴MV4K"},
{"n":"Z张震岳","v":"张震岳MV4K"},
{"n":"Z中国好声音","v":"中国好声音MV4K"},
{"n":"Z张雨生","v":"张雨生MV4K"},
{"n":"Z郑智化","v":"郑智化MV4K"},
{"n":"Z卓依婷","v":"卓依婷MV4K"},
{"n":"Z中岛美雪","v":"中岛美雪MV4K"}
 ]},
{"key": "duration","name": "时长","value": [
{"n": "全部","v": "0"},
{"n": "60分钟以上","v": "4"},
{"n": "30~60分钟","v": "3"},
{"n": "10~30分钟","v": "2"},
{"n": "10分钟以下","v": "1"}
 ]}
]

}}