{
    "cookie": "http://127.0.0.1:9978/file/TVBox/Bilibili/cookie.txt",
    "classes": [
        {
            "type_name": "儿童",
            "type_id": "3-6岁益智动画合集"
        },
        {
            "type_name": "宝宝巴士",
            "type_id": "宝宝巴士动画合集"
        },
        {
            "type_name": "悟空识字",
            "type_id": "识字认字动画合集"
        },
        {
            "type_name": "少儿",
            "type_id": "CCTV14少儿频道合集"
        },
        {
            "type_name": "学而思",
            "type_id": "学而思课程"
        },
        {
            "type_name": "小学",
            "type_id": "小学六年辅导课程"
        },
        {
            "type_name": "初中",
            "type_id": "初中三年辅导课程"
        },
        {
            "type_name": "高中",
            "type_id": "高中三年辅导课程"
        },
        {
            "type_name": "教育",
            "type_id": "十二年教育课程"
        }
    ]
}