{
  "drives": [
  
    {
      "name": "💢丫仙女",
      "server": "http://alist.xiaoya.pro",
      "startPage" : "/",
        "showAll" : false,
        "search" : true
    },
 
    {
     "name": "🧬杜比",
     "server": "https://dubi.tk",
     "startPage" : "/",
        "showAll" : false,
        "search" : true
    },
    {
     "name": "🐉神族九帝",
     "server": "https://alist.shenzjd.com",
     "startPage" : "/",
        "showAll" : false,
        "search" : true
    },

    {
     "name": "✨星梦",
     "server": "https://pan.bashroot.top",
     "startPage" : "/",
        "showAll" : false,
        "search" : true
    },
    {
     "name": "💫触光",
     "server": "https://pan.ichuguang.com",
     "startPage" : "/",
        "showAll" : false,
        "search" : true
    },
    {
        "name" : "👍ECVE",
        "server" : "https://pan.ecve.cn",
        "startPage" : "/",
        "showAll" : false,
        "search" : true
    },
    {
        "name" : "🌊七米蓝",
        "server" : "https://al.chirmyram.com",
        "startPage" : "/",
        "showAll" : false,
        "search" : true
    },
    {
        "name" : "☃️姬路白雪",
        "server" : "https://pan.jlbx.xyz",
        "startPage" : "/",
        "showAll" : false,
        "search" : true
    },
    {
      "name": "🫒罗汉果",
      "server": "https://lala-ofbip.run.goorm.site/",
      "startPage" : "/",
        "showAll" : false,
        "search" : true
    }
    
  ]
}  
