{
"classes":[
{
"type_name":"选美",
"type_id":"选美"
},
{
"type_name":"模特",
"type_id":"模特"
},
{
"type_name":"泳装秀",
"type_id":"泳装秀"
},
{
"type_name":"内衣秀",
"type_id":"内衣秀"
},
{
"type_name":"音乐",
"type_id":"音乐"
},
{
"type_name":"4K音乐",
"type_id":"4K音乐"
},
{
"type_name":"舞蹈",
"type_id":"舞蹈"
},
{
"type_name":"MV",
"type_id":"MV"
},
{
"type_name":"4K MV",
"type_id":"4K MV"
},
{
"type_name":"女团",
"type_id":"女团"
},
{
"type_name":"直播平台",
"type_id":"直播平台"
},
{
"type_name":"演唱会",
"type_id":"演唱会"
},
{
"type_name":"戏曲",
"type_id":"戏曲"
},
{
"type_name":"课程辅导",
"type_id":"课程辅导"
},
{
"type_name":"演讲",
"type_id":"演讲"
},
{
"type_name":"解说",
"type_id":"解说"
},
{
"type_name":"说案",
"type_id":"说案"
},
{
"type_name":"风景",
"type_id":"风景"
},
{
"type_name":"美食",
"type_id":"美食"
},
{
"type_name":"球星",
"type_id":"球星"
},
{
"type_name":"相声小品",
"type_id":"相声小品"
},
{
"type_name":"动物世界",
"type_id":"动物世界"
},
{
"type_name":"儿童少儿",
"type_id":"儿童少儿"
}
],

"cookie": "https://codeberg.org/wuyou/TVBox/raw/branch/main/bilibili/cookie.txt",


"filter":
{
"选美":[
{
"key":"duration",
"name":"时长",
"value":[
{
"n":"全部",
"v":"0"
},
{
"n":"60分钟以上",
"v":"4"
},
{
"n":"30~60分钟",
"v":"3"
},
{
"n":"10~30分钟",
"v":"2"
},
{
"n":"10分钟以下",
"v":"1"
}
]
}
],
"模特":[
{
"key":"duration",
"name":"时长",
"value":[
{
"n":"全部",
"v":"0"
},
{
"n":"60分钟以上",
"v":"4"
},
{
"n":"30~60分钟",
"v":"3"
},
{
"n":"10~30分钟",
"v":"2"
},
{
"n":"10分钟以下",
"v":"1"
}
]
}
],
"泳装秀":[
{
"key":"duration",
"name":"时长",
"value":[
{
"n":"全部",
"v":"0"
},
{
"n":"60分钟以上",
"v":"4"
},
{
"n":"30~60分钟",
"v":"3"
},
{
"n":"10~30分钟",
"v":"2"
},
{
"n":"10分钟以下",
"v":"1"
}
]
}
],
"内衣秀":[
{
"key":"duration",
"name":"时长",
"value":[
{
"n":"全部",
"v":"0"
},
{
"n":"60分钟以上",
"v":"4"
},
{
"n":"30~60分钟",
"v":"3"
},
{
"n":"10~30分钟",
"v":"2"
},
{
"n":"10分钟以下",
"v":"1"
}
]
}
],
"美食":[
{
"key":"tid",
"name":"分类",
"value":[
{
"n":"美食",
"v":"美食"
},
{
"n":"舌尖上的中国",
"v":"舌尖上的中国"
},
{
"n":"舌尖上的湖北",
"v":"舌尖上的湖北"
},
{
"n":"川菜",
"v":"川菜"
},
{
"n":"湘菜",
"v":"湘菜"
},
{
"n":"苏菜",
"v":"苏菜"
},
{
"n":"粤菜",
"v":"粤菜"
},
{
"n":"闽菜",
"v":"闽菜"
},
{
"n":"徽菜",
"v":"徽菜"
},
{
"n":"鲁菜",
"v":"鲁菜"
},
{
"n":"浙菜",
"v":"浙菜"
},
{
"n":"火锅",
"v":"火锅"
},
{
"n":"家常菜",
"v":"家常菜"
},
{
"n":"下酒菜",
"v":"下酒菜"
},
{
"n":"蒸菜",
"v":"蒸菜"
},
{
"n":"卤菜",
"v":"卤菜"
},
{
"n":"凉菜",
"v":"凉菜"
},
{
"n":"点心",
"v":"点心"
},
{
"n":"日料",
"v":"日料"
},
{
"n":"小吃",
"v":"小吃"
},
{
"n":"早餐食谱",
"v":"早餐食谱"
}
]
},
{
"key":"tid",
"name":"分类",
"value":[
{
"n":"4K美食",
"v":"4K美食"
},
{
"n":"4K舌尖上的中国",
"v":"4K舌尖上的中国"
},
{
"n":"4K舌尖上的湖北",
"v":"4K舌尖上的湖北"
},
{
"n":"4K川菜",
"v":"4K川菜"
},
{
"n":"4K湘菜",
"v":"4K湘菜"
},
{
"n":"4K苏菜",
"v":"4K苏菜"
},
{
"n":"4K粤菜",
"v":"4K粤菜"
},
{
"n":"4K闽菜",
"v":"4K闽菜"
},
{
"n":"4K徽菜",
"v":"4K徽菜"
},
{
"n":"4K鲁菜",
"v":"4K鲁菜"
},
{
"n":"4K浙菜",
"v":"4K浙菜"
},
{
"n":"4K火锅",
"v":"4K火锅"
},
{
"n":"4K家常菜",
"v":"4K家常菜"
},
{
"n":"4K下酒菜",
"v":"4K下酒菜"
},
{
"n":"4K蒸菜",
"v":"4K蒸菜"
},
{
"n":"4K卤菜",
"v":"4K卤菜"
},
{
"n":"4K凉菜",
"v":"4K凉菜"
},
{
"n":"4K点心",
"v":"4K点心"
},
{
"n":"4K日料",
"v":"4K日料"
},
{
"n":"4K小吃",
"v":"4K小吃"
},
{
"n":"4K早餐食谱",
"v":"4K早餐食谱"
}
]
},
{
"key":"duration",
"name":"时长",
"value":[
{
"n":"全部",
"v":"0"
},
{
"n":"60分钟以上",
"v":"4"
},
{
"n":"30~60分钟",
"v":"3"
},
{
"n":"10~30分钟",
"v":"2"
},
{
"n":"10分钟以下",
"v":"1"
}
]
}
],
"直播平台":[
{
"key":"tid",
"name":"分类",
"value":[
{
"n":"抖音",
"v":"抖音"
},
{
"n":"抖音美女",
"v":"抖音美女"
},
{
"n":"抖音小姐姐",
"v":"抖音小姐姐"
},
{
"n":"抖音舞蹈",
"v":"抖音舞蹈"
},
{
"n":"抖音音乐",
"v":"抖音音乐"
},
{
"n":"抖音MV",
"v":"抖音MV"
}
]
},
{
"key":"tid",
"name":"分类",
"value":[
{
"n":"4K抖音",
"v":"4K抖音"
},
{
"n":"4K抖音美女",
"v":"4K抖音美女"
},
{
"n":"4K抖音小姐姐",
"v":"4K抖音小姐姐"
},
{
"n":"4K抖音舞蹈",
"v":"4K抖音舞蹈"
},
{
"n":"4K抖音音乐",
"v":"4K抖音音乐"
},
{
"n":"4K抖音MV",
"v":"4K抖音MV"
}
]
},
{
"key":"tid",
"name":"分类",
"value":[
{
"n":"快手",
"v":"快手"
},
{
"n":"快手美女",
"v":"快手美女"
},
{
"n":"快手小姐姐",
"v":"快手小姐姐"
},
{
"n":"快手舞蹈",
"v":"快手舞蹈"
},
{
"n":"快手音乐",
"v":"快手音乐"
},
{
"n":"快手MV",
"v":"快手MV"
}
]
},
{
"key":"tid",
"name":"分类",
"value":[
{
"n":"4K快手",
"v":"4K快手"
},
{
"n":"4K快手美女",
"v":"4K快手美女"
},
{
"n":"4K快手小姐姐",
"v":"4K快手小姐姐"
},
{
"n":"4K快手舞蹈",
"v":"4K快手舞蹈"
},
{
"n":"4K快手音乐",
"v":"4K快手音乐"
},
{
"n":"4K快手MV",
"v":"4K快手MV"
}
]
},
{
"key":"tid",
"name":"分类",
"value":[
{
"n":"斗鱼直播",
"v":"斗鱼直播"
},
{
"n":"斗鱼美女",
"v":"斗鱼美女"
},
{
"n":"斗鱼小姐姐",
"v":"斗鱼小姐姐"
},
{
"n":"斗鱼舞蹈",
"v":"斗鱼舞蹈"
},
{
"n":"斗鱼音乐",
"v":"斗鱼音乐"
},
{
"n":"MV",
"v":"斗鱼MV"
}
]
},
{
"key":"tid",
"name":"分类",
"value":[
{
"n":"4K斗鱼直播",
"v":"4K斗鱼直播"
},
{
"n":"4K斗鱼美女",
"v":"4K斗鱼美女"
},
{
"n":"4K斗鱼小姐姐",
"v":"4K斗鱼小姐姐"
},
{
"n":"4K斗鱼舞蹈",
"v":"4K斗鱼舞蹈"
},
{
"n":"4K斗鱼音乐",
"v":"4K斗鱼音乐"
},
{
"n":"4K斗鱼MV",
"v":"4K斗鱼MV"
}
]
},
{
"key":"tid",
"name":"分类",
"value":[
{
"n":"腾讯直播",
"v":"腾讯直播"
},
{
"n":"腾讯演唱会",
"v":"腾讯演唱会"
},
{
"n":"腾讯音乐会",
"v":"腾讯音乐会"
}
]
},
{
"key":"tid",
"name":"分类",
"value":[
{
"n":"4K腾讯直播",
"v":"4K腾讯直播"
},
{
"n":"4K腾讯演唱会",
"v":"4K腾讯演唱会"
},
{
"n":"4K腾讯音乐会",
"v":"4K腾讯音乐会"
}
]
},
{
"key":"duration",
"name":"时长",
"value":[
{
"n":"全部",
"v":"0"
},
{
"n":"60分钟以上",
"v":"4"
},
{
"n":"30~60分钟",
"v":"3"
},
{
"n":"10~30分钟",
"v":"2"
},
{
"n":"10分钟以下",
"v":"1"
}
]
}
],
"搞笑":[
{
"key":"duration",
"name":"时长",
"value":[
{
"n":"全部",
"v":"0"
},
{
"n":"60分钟以上",
"v":"4"
},
{
"n":"30~60分钟",
"v":"3"
},
{
"n":"10~30分钟",
"v":"2"
},
{
"n":"10分钟以下",
"v":"1"
}
]
}
],
"鬼畜":[
{
"key":"duration",
"name":"时长",
"value":[
{
"n":"全部",
"v":"0"
},
{
"n":"60分钟以上",
"v":"4"
},
{
"n":"30~60分钟",
"v":"3"
},
{
"n":"10~30分钟",
"v":"2"
},
{
"n":"10分钟以下",
"v":"1"
}
]
}
],
"舞蹈":[
{
"key":"tid",
"name":"分类",
"value":[
{
"n":"舞蹈",
"v":"舞蹈"
},
{
"n":"宅舞",
"v":"宅舞"
},
{
"n":"街舞",
"v":"街舞"
},
{
"n":"明星舞蹈",
"v":"明星舞蹈"
},
{
"n":"韩舞",
"v":"韩舞"
},
{
"n":"古典舞",
"v":"古典舞"
},
{
"n":"翻跳",
"v":"翻跳"
},
{
"n":"中国舞",
"v":"中国舞"
},
{
"n":"古风舞",
"v":"古风舞"
},
{
"n":"现代舞",
"v":"现代舞"
},
{
"n":"爵士舞",
"v":"爵士舞"
},
{
"n":"芭蕾",
"v":"芭蕾"
},
{
"n":"编舞",
"v":"编舞"
},
{
"n":"POPPING",
"v":"POPPING"
},
{
"n":"极乐净土",
"v":"极乐净土"
},
{
"n":"桃源恋歌",
"v":"桃源恋歌"
},
{
"n":"新宝岛",
"v":"新宝岛"
},
{
"n":"拉丁舞",
"v":"拉丁舞"
},
{
"n":"蹦迪",
"v":"蹦迪"
},
{
"n":"民族舞",
"v":"民族舞"
},
{
"n":"抖肩舞",
"v":"抖肩舞"
},
{
"n":"齐舞",
"v":"齐舞"
},
{
"n":"机械舞",
"v":"机械舞"
},
{
"n":"广场舞",
"v":"广场舞"
},
{
"n":"BDF",
"v":"BDF"
},
{
"n":"练习室",
"v":"练习室"
},
{
"n":"美女舞蹈",
"v":"美女舞蹈"
},
{
"n":"牛仔裤",
"v":"牛仔裤"
},
{
"n":"黑丝",
"v":"黑丝"
},
{
"n":"超短裤",
"v":"超短裤"
},
{
"n":"超短裙",
"v":"超短裙"
},
{
"n":"舞蹈综合",
"v":"舞蹈综合"
},
{
"n":"舞蹈教程",
"v":"舞蹈教程"
}
]
},
{
"key":"tid",
"name":"分类",
"value":[
{
"n":"4K舞蹈",
"v":"4K舞蹈"
},
{
"n":"4K宅舞",
"v":"4K宅舞"
},
{
"n":"4K街舞",
"v":"4K街舞"
},
{
"n":"4K明星舞蹈",
"v":"4K明星舞蹈"
},
{
"n":"4K韩舞",
"v":"4K韩舞"
},
{
"n":"4K古典舞",
"v":"4K古典舞"
},
{
"n":"4K翻跳",
"v":"4K翻跳"
},
{
"n":"4K中国舞",
"v":"4K中国舞"
},
{
"n":"4K古风舞",
"v":"4K古风舞"
},
{
"n":"4K现代舞",
"v":"4K现代舞"
},
{
"n":"4K爵士舞",
"v":"4K爵士舞"
},
{
"n":"4K芭蕾",
"v":"4K芭蕾"
},
{
"n":"4K编舞",
"v":"4K编舞"
},
{
"n":"4K POPPING",
"v":"4K POPPING"
},
{
"n":"4K极乐净土",
"v":"4K极乐净土"
},
{
"n":"4K桃源恋歌",
"v":"4K桃源恋歌"
},
{
"n":"4K新宝岛",
"v":"4K新宝岛"
},
{
"n":"4K拉丁舞",
"v":"4K拉丁舞"
},
{
"n":"4K蹦迪",
"v":"4K蹦迪"
},
{
"n":"4K民族舞",
"v":"4K民族舞"
},
{
"n":"4K抖肩舞",
"v":"4K抖肩舞"
},
{
"n":"4K齐舞",
"v":"4K齐舞"
},
{
"n":"4K机械舞",
"v":"4K机械舞"
},
{
"n":"4K广场舞",
"v":"4K广场舞"
},
{
"n":"4KBDF",
"v":"4KBDF"
},
{
"n":"4K练习室",
"v":"4K练习室"
},
{
"n":"4K美女舞蹈",
"v":"4K美女舞蹈"
},
{
"n":"4K牛仔裤",
"v":"4K牛仔裤"
},
{
"n":"4K黑丝",
"v":"4K黑丝"
},
{
"n":"4K超短裤",
"v":"4K超短裤"
},
{
"n":"4K超短裙",
"v":"4K超短裙"
},
{
"n":"4K舞蹈综合",
"v":"4K舞蹈综合"
},
{
"n":"4K舞蹈教程",
"v":"4K舞蹈教程"
}
]
},
{
"key":"duration",
"name":"时长",
"value":[
{
"n":"全部",
"v":"0"
},
{
"n":"60分钟以上",
"v":"4"
},
{
"n":"30~60分钟",
"v":"3"
},
{
"n":"10~30分钟",
"v":"2"
},
{
"n":"10分钟以下",
"v":"1"
}
]
}
],
"音乐":[
{
"key":"tid",
"name":"分类",
"value":[
{
"n":"音乐",
"v":"音乐"
},
{
"n":"原创音乐",
"v":"原创音乐"
},
{
"n":"翻唱",
"v":"翻唱"
},
{
"n":"演奏",
"v":"演奏"
},
{
"n":"VOCALOID·UTAU",
"v":"VOCALOID·UTAU"
},
{
"n":"音乐现场",
"v":"音乐现场"
},
{
"n":"原声音乐",
"v":"原声音乐"
},
{
"n":"乐评盘点",
"v":"乐评盘点"
},
{
"n":"音乐教学",
"v":"音乐教学"
},
{
"n":"音乐综合",
"v":"音乐综合"
}
]
},
{
"key":"tid",
"name":"原创音乐",
"value":[
{
"n":"说唱",
"v":"说唱"
},
{
"n":"HIPHOP",
"v":"HIPHOP"
},
{
"n":"中国风",
"v":"中国风"
},
{
"n":"古风",
"v":"古风"
},
{
"n":"电音",
"v":"电音"
},
{
"n":"摇滚",
"v":"摇滚"
},
{
"n":"民谣",
"v":"民谣"
},
{
"n":"爵士",
"v":"爵士"
},
{
"n":"纯音乐",
"v":"纯音乐"
},
{
"n":"BEAT",
"v":"BEAT"
},
{
"n":"REMIX",
"v":"REMIX"
},
{
"n":"人声本家",
"v":"人声本家"
},
{
"n":"国人原创",
"v":"国人原创"
},
{
"n":"原创歌曲",
"v":"原创歌曲"
},
{
"n":"编曲",
"v":"编曲"
},
{
"n":"改编",
"v":"改编"
},
{
"n":"吉他",
"v":"吉他"
},
{
"n":"电子音乐",
"v":"电子音乐"
},
{
"n":"钢琴",
"v":"钢琴"
}
]
},
{
"key":"tid",
"name":"翻唱",
"value":[
{
"n":"国人男声",
"v":"国人男声"
},
{
"n":"国人女生",
"v":"国人女生"
},
{
"n":"中文翻唱",
"v":"中文翻唱"
},
{
"n":"英文翻唱",
"v":"英文翻唱"
},
{"n":"古风",
"v":"古风"
},
{
"n":"VOCALOID",
"v":"VOCALOID"
},
{
"n":"燃向",
"v":"燃向"
},
{
"n":"中文填词",
"v":"中文填词"
},
{
"n":"灵魂歌手",
"v":"灵魂歌手"
},
{
"n":"治愈向",
"v":"治愈向"
},
{
"n":"COVER",
"v":"COVER"
},
{
"n":"初投稿",
"v":"初投稿"
},
{
"n":"吉他弹唱",
"v":"吉他弹唱"
},
{
"n":"原创PV",
"v":"原创PV"
},
{
"n":"魔道祖师",
"v":"魔道祖师"
},
{
"n":"欧美",
"v":"欧美"
},
{
"n":"新人向",
"v":"新人向"
},
{
"n":"耳机福利",
"v":"福利耳机"
}
]
},
{
"key":"tid",
"name":"演奏",
"value":[
{
"n":"创意演奏",
"v":"创意演奏"
},
{
"n":"钢琴",
"v":"钢琴"
},
{
"n":"街头表演",
"v":"街头表演"
},
{
"n":"翻弹",
"v":"翻弹"
},
{
"n":"乐队",
"v":"乐队"
},
{
"n":"民乐",
"v":"民乐"
},
{
"n":"合奏",
"v":"合奏"
},
{
"n":"吉他",
"v":"吉他"
},
{
"n":"指弹",
"v":"指弹"
},
{
"n":"小提琴",
"v":"小提琴"
},
{
"n":"架子鼓",
"v":"架子鼓"
},
{
"n":"COVER",
"v":"COVER"
},
{
"n":"木吉他",
"v":"木吉他"
},
{
"n":"钢琴曲",
"v":"钢琴曲"
},
{
"n":"BGM",
"v":"BGM"
},
{
"n":"卡祖笛",
"v":"卡祖笛"
},
{
"n":"电吉他",
"v":"电吉他"
},
{
"n":"LAUNCHPAD",
"v":"LAUNCHPAD"
},
{
"n":"贝斯",
"v":"贝斯"
},
{
"n":"口琴",
"v":"口琴"
},
{
"n":"指弹吉他",
"v":"指弹吉他"
},
{
"n":"琵琶",
"v":"琵琶"
},
{
"n":"扬琴",
"v":"扬琴"
},
{
"n":"古典音乐",
"v":"古典音乐"
},
{
"n":"古筝",
"v":"古筝"
},
{
"n":"二胡",
"v":"二胡"
},
{
"n":"BEATBOX",
"v":"BEATBOX"
},
{
"n":"古典",
"v":"古典"
}
]
},
{
"key":"tid",
"name":"VOCALOID·UTAU",
"value":[
{
"n":"洛天依",
"v":"洛天依"
},
{
"n":"乐正绫",
"v":"乐正绫"
},
{
"n":"言和",
"v":"言和"
},
{
"n":"乐正龙牙",
"v":"乐正龙牙"
},
{
"n":"墨清弦",
"v":"墨清弦"
},
{
"n":"徽羽摩柯",
"v":"徽羽摩柯"
},
{
"n":"Vsinger",
"v":"Vsinger"
},
{
"n":"心华",
"v":"心华"
},
{
"n":"星尘",
"v":"星尘"
},
{
"n":"嫣汐",
"v":"嫣汐"
},
{
"n":"初音未来",
"v":"初音未来"
},
{
"n":"镜音铃",
"v":"镜音铃"
},
{
"n":"巡音流歌",
"v":"巡音流歌"
},
{
"n":"KAITO",
"v":"KAITO"
},
{
"n":"flower",
"v":"flower"
},
{
"n":"元筱",
"v":"元筱"
},
{
"n":"VOCALOID中文曲",
"v":"VOCALOID中文曲"
},
{
"n":"莲华",
"v":"莲华"
},
{
"n":"南北组",
"v":"南北组"
},
{
"n":"镜音双子",
"v":"镜音双子"
},
{
"n":"MUTA中文曲",
"v":"MUTA中文曲"
},
{
"n":"UTAU中华组",
"v":"UTAU中华组"
},
{
"n":"XStudio",
"v":"XStudio"
},
{
"n":"初音",
"v":"初音"
},
{
"n":"IA",
"v":"IA"
},
{
"n":"GUMI",
"v":"GUMI"
},
{
"n":"SynthV",
"v":"SynthV"
},
{
"n":"UTAU",
"v":"UTAU"
},
{
"n":"幻晓伊",
"v":"幻晓伊"
},
{
"n":"五维介质",
"v":"五维介质"
},
{
"n":"可不",
"v":"可不"
},
{
"n":"ACE虚拟歌姬",
"v":"ACE虚拟歌姬"
},
{
"n":"deepvocal",
"v":"deepvocal"
},
{
"n":"SYNTHV",
"v":"SYNTHV"
}
]
},
{
"key":"tid",
"name":"音乐现场",
"value":[
{
"n":"华语现场",
"v":"华语现场"
},
{
"n":"欧美现场",
"v":"欧美现场"
},
{
"n":"日语现场",
"v":"日语现场"
},
{
"n":"韩语现场",
"v":"韩语现场"
},
{
"n":"国语现场",
"v":"国语现场"
},
{
"n":"粤语现场",
"v":"粤语现场"
},
{
"n":"live",
"v":"live"
},
{
"n":"音乐剧",
"v":"音乐剧"
},
{
"n":"演唱会",
"v":"演唱会"
},
{
"n":"音乐节",
"v":"音乐节"
}
]
},
{
"key":"tid",
"name":"音乐综合",
"value":[
{
"n":"经典老歌",
"v":"经典老歌"
},
{
"n":"精选歌单",
"v":"精选歌单"
},
{
"n":"影视音乐",
"v":"影视音乐"
},
{
"n":"游戏音乐",
"v":"游戏音乐"
},
{
"n":"中国戏曲",
"v":"中国戏曲"
},
{
"n":"黑胶唱片",
"v":"黑胶唱片"
},
{
"n":"ACG音乐",
"v":"ACG音乐"
},
{
"n":"音乐剧",
"v":"音乐剧"
},
{
"n":"交响乐",
"v":"交响乐"
},
{
"n":"循环",
"v":"循环音乐"
},
{
"n":"OST",
"v":"OST音乐"
},
{
"n":"BGM",
"v":"BGM音乐"
},
{
"n":"4K",
"v":"4K音乐"
},
{
"n":"DJ",
"v":"DJ音乐"
},
{
"n":"电音",
"v":"电音"
},
{
"n":"舞曲",
"v":"舞曲"
},
{
"n":"夜店",
"v":"夜店舞曲"
},
{
"n":"国外舞曲",
"v":"国外舞曲"
},
{
"n":"亚洲舞曲",
"v":"亚洲舞曲"
},
{
"n":"欧美舞曲",
"v":"欧美舞曲"
}
]
},
{
"key":"duration",
"name":"时长",
"value":[
{
"n":"全部",
"v":"0"
},
{
"n":"60分钟以上",
"v":"4"
},
{
"n":"30~60分钟",
"v":"3"
},
{
"n":"10~30分钟",
"v":"2"
},
{
"n":"10分钟以下",
"v":"1"
}
]
}
],
"4K音乐":[
{
"key":"tid",
"name":"分类",
"value":[
{
"n":"4K音乐",
"v":"4K音乐"
},
{
"n":"4K原创音乐",
"v":"4K原创音乐"
},
{
"n":"4K翻唱",
"v":"4K翻唱"
},
{
"n":"4K演奏",
"v":"4K演奏"
},
{
"n":"4K VOCALOID·UTAU",
"v":"4K VOCALOID·UTAU"
},
{
"n":"4K音乐现场",
"v":"4K音乐现场"
},
{
"n":"4K原声音乐",
"v":"4K原声音乐"
},
{
"n":"4K乐评盘点",
"v":"4K乐评盘点"
},
{
"n":"4K音乐教学",
"v":"4K音乐教学"
},
{
"n":"4K音乐综合",
"v":"4K音乐综合"
}
]
},
{
"key":"tid",
"name":"4K原创音乐",
"value":[
{
"n":"4K说唱",
"v":"4K说唱"
},
{
"n":"4K HIPHOP",
"v":"4K HIPHOP"
},
{
"n":"4K中国风",
"v":"4K中国风"
},
{
"n":"4K古风",
"v":"4K古风"
},
{
"n":"4K电音",
"v":"4K电音"
},
{
"n":"4K摇滚",
"v":"4K摇滚"
},
{
"n":"4K民谣",
"v":"4K民谣"
},
{
"n":"4K爵士",
"v":"4K爵士"
},
{
"n":"4K纯音乐",
"v":"4K纯音乐"
},
{
"n":"4K BEAT",
"v":"4K BEAT"
},
{
"n":"4K REMIX",
"v":"4K REMIX"
},
{
"n":"4K人声本家",
"v":"4K人声本家"
},
{
"n":"4K国人原创",
"v":"4K国人原创"
},
{
"n":"4K原创歌曲",
"v":"4K原创歌曲"
},
{
"n":"4K编曲",
"v":"4K编曲"
},
{
"n":"4K改编",
"v":"4K改编"
},
{
"n":"4K吉他",
"v":"4K吉他"
},
{
"n":"4K电子音乐",
"v":"4K电子音乐"
},
{
"n":"4K钢琴",
"v":"4K钢琴"
}
]
},
{
"key":"tid",
"name":"4k翻唱",
"value":[
{
"n":"4K国人男声",
"v":"4K国人男声"
},
{
"n":"4K国人女生",
"v":"4K国人女生"
},
{
"n":"4K中文翻唱",
"v":"4K中文翻唱"
},
{
"n":"4K英文翻唱",
"v":"4K英文翻唱"
},
{"n":"4K古风",
"v":"4K古风"
},
{
"n":"4K VOCALOID",
"v":"4K VOCALOID"
},
{
"n":"4K燃向",
"v":"4K燃向"
},
{
"n":"4K中文填词",
"v":"4K中文填词"
},
{
"n":"4K灵魂歌手",
"v":"4K灵魂歌手"
},
{
"n":"4K治愈向",
"v":"4K治愈向"
},
{
"n":"4K COVER",
"v":"4K COVER"
},
{
"n":"4K初投稿",
"v":"4K初投稿"
},
{
"n":"4K吉他弹唱",
"v":"4K吉他弹唱"
},
{
"n":"4K原创PV",
"v":"4K原创PV"
},
{
"n":"4K魔道祖师",
"v":"4K魔道祖师"
},
{
"n":"4K欧美",
"v":"4K欧美"
},
{
"n":"4K新人向",
"v":"4K新人向"
},
{
"n":"4K耳机福利",
"v":"4K福利耳机"
}
]
},
{
"key":"tid",
"name":"4K演奏",
"value":[
{
"n":"4K创意演奏",
"v":"4K创意演奏"
},
{
"n":"4K钢琴",
"v":"4K钢琴"
},
{
"n":"4K街头表演",
"v":"4K街头表演"
},
{
"n":"4K翻弹",
"v":"4K翻弹"
},
{
"n":"4K乐队",
"v":"4K乐队"
},
{
"n":"4K民乐",
"v":"4K民乐"
},
{
"n":"4K合奏",
"v":"4K合奏"
},
{
"n":"4K吉他",
"v":"4K吉他"
},
{
"n":"4K指弹",
"v":"4K指弹"
},
{
"n":"4K小提琴",
"v":"4K小提琴"
},
{
"n":"4K架子鼓",
"v":"4K架子鼓"
},
{
"n":"4K COVER",
"v":"4K COVER"
},
{
"n":"4K木吉他",
"v":"4K木吉他"
},
{
"n":"4K钢琴曲",
"v":"4K钢琴曲"
},
{
"n":"4K BGM",
"v":"4K BGM"
},
{
"n":"4K卡祖笛",
"v":"4K卡祖笛"
},
{
"n":"4K电吉他",
"v":"4K电吉他"
},
{
"n":"4K LAUNCHPAD",
"v":"4K LAUNCHPAD"
},
{
"n":"4K贝斯",
"v":"4K贝斯"
},
{
"n":"4K口琴",
"v":"4K口琴"
},
{
"n":"4K指弹吉他",
"v":"4K指弹吉他"
},
{
"n":"4K琵琶",
"v":"4K琵琶"
},
{
"n":"4K扬琴",
"v":"4K扬琴"
},
{
"n":"4K古典音乐",
"v":"4K古典音乐"
},
{
"n":"4K古筝",
"v":"4K古筝"
},
{
"n":"4K二胡",
"v":"4K二胡"
},
{
"n":"4K BEATBOX",
"v":"4K BEATBOX"
},
{
"n":"4K古典",
"v":"4K古典"
}
]
},
{
"key":"tid",
"name":"4k VOCALOID·UTAU",
"value":[
{
"n":"4K洛天依",
"v":"4K洛天依"
},
{
"n":"4K乐正绫",
"v":"4K乐正绫"
},
{
"n":"4K言和",
"v":"4K言和"
},
{
"n":"4K乐正龙牙",
"v":"4K乐正龙牙"
},
{
"n":"4K墨清弦",
"v":"4K墨清弦"
},
{
"n":"4K徽羽摩柯",
"v":"4K徽羽摩柯"
},
{
"n":"4K Vsinger",
"v":"4K Vsinger"
},
{
"n":"4K心华",
"v":"4K心华"
},
{
"n":"4K星尘",
"v":"4K星尘"
},
{
"n":"4K嫣汐",
"v":"4K嫣汐"
},
{
"n":"4K初音未来",
"v":"4K初音未来"
},
{
"n":"4K镜音铃",
"v":"4K镜音铃"
},
{
"n":"4K巡音流歌",
"v":"4K巡音流歌"
},
{
"n":"4K KAITO",
"v":"4K KAITO"
},
{
"n":"4K flower",
"v":"4K flower"
},
{
"n":"4K元筱",
"v":"4K元筱"
},
{
"n":"4K VOCALOID中文曲",
"v":"4K VOCALOID中文曲"
},
{
"n":"4K莲华",
"v":"4K莲华"
},
{
"n":"4K南北组",
"v":"4K南北组"
},
{
"n":"4K镜音双子",
"v":"4K镜音双子"
},
{
"n":"4K MUTA中文曲",
"v":"4K MUTA中文曲"
},
{
"n":"4K UTAU中华组",
"v":"4K UTAU中华组"
},
{
"n":"4K XStudio",
"v":"4K XStudio"
},
{
"n":"4K初音",
"v":"4K初音"
},
{
"n":"4K IA",
"v":"4K IA"
},
{
"n":"4K GUMI",
"v":"4K GUMI"
},
{
"n":"4K SynthV",
"v":"4K SynthV"
},
{
"n":"4K UTAU",
"v":"4K UTAU"
},
{
"n":"4K幻晓伊",
"v":"4K幻晓伊"
},
{
"n":"4K五维介质",
"v":"4K五维介质"
},
{
"n":"4K可不",
"v":"4K可不"
},
{
"n":"4K ACE虚拟歌姬",
"v":"4K ACE虚拟歌姬"
},
{
"n":"4K deepvocal",
"v":"4K deepvocal"
},
{
"n":"4K SYNTHV",
"v":"4K SYNTHV"
}
]
},
{
"key":"tid",
"name":"4K音乐现场",
"value":[
{
"n":"4K华语现场",
"v":"4K华语现场"
},
{
"n":"4K欧美现场",
"v":"4K欧美现场"
},
{
"n":"4K日语现场",
"v":"4K日语现场"
},
{
"n":"4K韩语现场",
"v":"4K韩语现场"
},
{
"n":"4K国语现场",
"v":"4K国语现场"
},
{
"n":"4K粤语现场",
"v":"4K粤语现场"
},
{
"n":"4K live",
"v":"4K live"
},
{
"n":"4K音乐剧",
"v":"4K音乐剧"
},
{
"n":"4K演唱会",
"v":"4K演唱会"
},
{
"n":"4K音乐节",
"v":"4K音乐节"
}
]
},
{
"key":"tid",
"name":"4K音乐综合",
"value":[
{
"n":"4K经典老歌",
"v":"4K经典老歌"
},
{
"n":"4K精选歌单",
"v":"4K精选歌单"
},
{
"n":"4K影视音乐",
"v":"4K影视音乐"
},
{
"n":"4K游戏音乐",
"v":"4K游戏音乐"
},
{
"n":"4K中国戏曲",
"v":"4K中国戏曲"
},
{
"n":"4K黑胶唱片",
"v":"4K黑胶唱片"
},
{
"n":"4K ACG音乐",
"v":"4K ACG音乐"
},
{
"n":"4K音乐剧",
"v":"4K音乐剧"
},
{
"n":"4K交响乐",
"v":"4K交响乐"
},
{
"n":"4K循环",
"v":"4K循环音乐"
},
{
"n":"4K OST",
"v":"4K OST音乐"
},
{
"n":"4K BGM",
"v":"4K BGM音乐"
},
{
"n":"4K",
"v":"4K音乐"
},
{
"n":"4K DJ",
"v":"4K DJ音乐"
},
{
"n":"4K电音",
"v":"4K电音"
},
{
"n":"4K舞曲",
"v":"4K舞曲"
},
{
"n":"4K夜店",
"v":"4K夜店舞曲"
},
{
"n":"4K国外舞曲",
"v":"4K国外舞曲"
},
{
"n":"4K亚洲舞曲",
"v":"4K亚洲舞曲"
},
{
"n":"4K欧美舞曲",
"v":"4K欧美舞曲"
}
]
},
{
"key":"duration",
"name":"时长",
"value":[
{
"n":"全部",
"v":"0"
},
{
"n":"60分钟以上",
"v":"4"
},
{
"n":"30~60分钟",
"v":"3"
},
{
"n":"10~30分钟",
"v":"2"
},
{
"n":"10分钟以下",
"v":"1"
}
]
}
],
"MV":[
{
"key":"tid",
"name":"分类",
"value":[
{
"n":"MV",
"v":"MV"
},
{
"n":"MV合集",
"v":"MV合集"
},
{
"n":"全网第一",
"v":"全网第一"
},
{"n":"4K60FPS",
"v":"4K60FPS"
}
]
},
{
"key":"tid",
"name":"分类",
"value":[
{
"n":"韩国女星MV",
"v":"韩国女星 MV合集"
},
{
"n":"李孝利MV",
"v":"李孝利 MV合集"
},
{
"n":"李知恩MV",
"v":"李知恩 MV合集"
},
{
"n":"林允儿MV",
"v":"林允儿 MV合集"
},
{
"n":"金泫雅MV",
"v":"金泫雅 MV合集"
},
{
"n":"金泰妍MV",
"v":"金泰妍 MV合集"
},
{
"n":"李宣美MV",
"v":"李宣美 MV合集"
},
{
"n":"崔雪莉MV",
"v":"崔雪莉 MV合集"
},
{
"n":"安喜延MV",
"v":"安喜延 MV合集"
},
{
"n":"金亚荣MV",
"v":"金亚荣 MV合集"
},
{
"n":"李知恩MV",
"v":"李知恩 MV合集"
},
{
"n":"李贞贤MV",
"v":"李贞贤 MV合集"
},
{
"n":"洪真英MV",
"v":"洪真英 MV合集"
}
]
},
{
"key":"tid",
"name":"分类",
"value":[
{
"n":"日本女星MV",
"v":"日本女星 MV合集"
},
{
"n":"YUI MV",
"v":"YUI MV合集"
},
{
"n":"幸田来未MV",
"v":"幸田来未 MV合集"
},
{
"n":"安室奈美惠MV",
"v":"安室奈美惠 MV合集"
},
{
"n":"滨崎步MV",
"v":"滨崎步 MV合集"
},
{
"n":"古谷仁美MV",
"v":"古谷仁美 MV合集"
},
{
"n":"宇多田光MV",
"v":"宇多田光 MV合集"
},
{
"n":"伊藤由奈MV",
"v":"伊藤由奈 MV合集"
},
{
"n":"玉置成实MV",
"v":"玉置成实 MV合集"
},
{
"n":"仓木麻衣MV",
"v":"仓木麻衣 MV合集"
},
{
"n":"AngelaAki MV",
"v":"Angela MV合集"
},
{
"n":"中岛美雪MV",
"v":"中岛美雪 MV合集"
}
]
},
{
"key":"tid",
"name":"分类",
"value":[
{
"n":"女星MV",
"v":"女星 MV合集"
},
{
"n":"戴佩妮MV",
"v":"戴佩妮 MV合集"
},
{
"n":"邓紫棋MV",
"v":"邓紫棋 MV合集"
},
{
"n":"张韶涵MV",
"v":"张韶涵 MV合集"
},
{
"n":"蔡健雅MV",
"v":"蔡健雅 MV合集"
},
{
"n":"莫文蔚MV",
"v":"莫文蔚 MV合集"
},
{
"n":"刘若英MV",
"v":"刘若英 MV合集"
},
{
"n":"邓丽君MV",
"v":"邓丽君 MV合集"
},
{
"n":"蔡依林MV",
"v":"蔡依林 MV合集"
},
{
"n":"李宇春MV",
"v":"李宇春 MV合集"
},
{
"n":"徐佳莹MV",
"v":"徐佳莹 MV合集"
},
{
"n":"杨千嬅MV",
"v":"杨千嬅 MV合集"
},
{
"n":"张靓颖MV",
"v":"张靓颖 MV合集"
},
{
"n":"杨丞琳MV",
"v":"杨丞琳 MV合集"
},
{
"n":"萧亚轩MV",
"v":"萧亚轩 MV合集"
},
{
"n":"容祖儿MV",
"v":"容祖儿 MV合集"
},
{
"n":"梅艳芳MV",
"v":"梅艳芳 MV合集"
},
{
"n":"孙燕姿MV",
"v":"孙燕姿 MV合集"
},
{
"n":"袁娅维MV",
"v":"袁娅维 MV合集"
},
{
"n":"王菲MV",
"v":"王菲 MV合集"
},
{
"n":"梁静茹MV",
"v":"梁静茹 MV合集"
},
{
"n":"周慧敏MV",
"v":"周慧敏 MV合集"
},
{
"n":"张惠妹MV",
"v":"张惠妹 MV合集"
},
{
"n":"周笔畅MV",
"v":"周笔畅 MV合集"
},
{
"n":"谭维维MV",
"v":"谭维维 MV合集"
},
{
"n":"陈慧娴MV",
"v":"陈慧娴 MV合集"
},
{
"n":"郭静MV",
"v":"郭静 MV合集"
},
{
"n":"那英MV",
"v":"那英 MV合集"
},
{
"n":"韩红MV",
"v":"韩红 MV合集"
},
{
"n":"林忆莲MV",
"v":"林忆莲 MV合集"
},
{
"n":"李玟MV",
"v":"李玟 MV合集"
},
{
"n":"徐小凤MV",
"v":"徐小凤 MV合集"
},
{
"n":"卓依婷MV",
"v":"卓依婷 MV合集"
},
{
"n":"郁可唯MV",
"v":"郁可唯 MV合集"
},
{
"n":"田震MV",
"v":"田震 MV合集"
},
{
"n":"凤飞飞MV",
"v":"凤飞飞 MV合集"
},
{
"n":"谭晶MV",
"v":"谭晶 MV合集"
},
{
"n":"叶倩文MV",
"v":"叶倩文 MV合集"
},
{
"n":"王心凌MV",
"v":"王心凌 MV合集"
},
{
"n":"郭采洁MV",
"v":"郭采洁 MV合集"
},
{
"n":"阿黛尔MV",
"v":"阿黛尔 MV合集"
},
{
"n":"LadyGaga MV",
"v":"LadyGaga MV合集"
},
{
"n":"布兰妮MV",
"v":"布兰妮 MV合集"
},
{
"n":"洛天依MV",
"v":"洛天依 MV合集"
},
{
"n":"初音未来MV",
"v":"初音未来 MV合集"
}
]
},
{
"key":"tid",
"name":"分类",
"value":[
{
"n":"男星MV",
"v":"男星 MV合集"
},
{
"n":"周杰伦MV",
"v":"周杰伦 MV合集"
},
{
"n":"陈奕迅MV",
"v":"陈奕迅 MV合集"
},
{
"n":"刘德华MV",
"v":"刘德华 MV合集"
},
{
"n":"郭富城MV",
"v":"郭富城 MV合集"
},
{
"n":"张学友MV",
"v":"张学友 MV合集"
},
{
"n":"黎明MV",
"v":"黎明 MV合集"
},
{
"n":"李宗盛MV",
"v":"李宗盛 MV合集"
},
{
"n":"朴树MV",
"v":"朴树 MV合集"
},
{
"n":"林子祥MV",
"v":"林子祥 MV合集"
},
{
"n":"任贤齐MV",
"v":"任贤齐 MV合集"
},
{
"n":"张信哲MV",
"v":"张信哲 MV合集"
},
{
"n":"孙楠MV",
"v":"孙楠 MV合集"
},
{
"n":"张宇MV",
"v":"张宇 MV合集"
},
{
"n":"周华健MV",
"v":"周华健 MV合集"
},
{
"n":"薛之谦MV",
"v":"薛之谦 MV合集"
},
{
"n":"许嵩MV",
"v":"许嵩 MV合集"
},
{
"n":"周深MV",
"v":"周深 MV合集"
},
{
"n":"毛不易MV",
"v":"毛不易 MV合集"
},
{
"n":"汪苏泷MV",
"v":"汪苏泷 MV合集"
},
{
"n":"杨宗纬MV",
"v":"杨宗纬 MV合集"
},
{
"n":"胡彦斌MV",
"v":"胡彦斌 MV合集"
},
{
"n":"李荣浩MV",
"v":"李荣浩 MV合集"
},
{
"n":"林志炫MV",
"v":"林志炫 MV合集"
},
{
"n":"陶喆MV",
"v":"陶喆 MV合集"
},
{
"n":"胡夏MV",
"v":"胡夏 MV合集"
},
{
"n":"李玉刚MV",
"v":"李玉刚 MV合集"
},
{
"n":"弦子MV",
"v":"弦子 MV合集"
},
{
"n":"陈小春MV",
"v":"陈小春 MV合集"
},
{
"n":"鹿晗MV",
"v":"鹿晗 MV合集"
},
{
"n":"许巍MV",
"v":"许巍 MV合集"
},
{
"n":"林俊杰MV",
"v":"林俊杰 MV合集"
},
{
"n":"赵雷MV",
"v":"赵雷 MV合集"
},
{
"n":"谭咏麟MV",
"v":"谭咏麟 MV合集"
},
{
"n":"周传雄MV",
"v":"周传雄 MV合集"
},
{
"n":"张国荣MV",
"v":"张国荣 MV合集"
},
{
"n":"李健MV",
"v":"李健 MV合集"
},
{
"n":"华晨宇MV",
"v":"华晨宇 MV合集"
},
{
"n":"大张伟MV",
"v":"大张伟 MV合集"
},
{"n":"王俊凯MV",
"v":"王俊凯 MV合集"
},
{
"n":"易烊千玺MV",
"v":"易烊千玺 MV合集"
},
{
"n":"王源MV",
"v":"王源 MV合集"
},
{
"n":"田馥甄MV",
"v":"田馥甄 MV合集"
},
{
"n":"小虎队MV",
"v":"小虎队 MV合集"
},
{
"n":"张杰MV",
"v":"张杰 MV合集"
},
{
"n":"伍佰MV",
"v":"伍佰 MV合集"
},
{
"n":"刀郎MV",
"v":"刀郎 MV合集"
},
{
"n":"潘玮柏MV",
"v":"潘玮柏 MV合集"
},
{
"n":"林宥嘉MV",
"v":"林宥嘉 MV合集"
},
{
"n":"蔡徐坤MV",
"v":"蔡徐坤 MV合集"
},
{
"n":"李圣杰MV",
"v":"李圣杰 MV合集"
},
{
"n":"萧敬腾MV",
"v":"萧敬腾 MV合集"
},
{
"n":"焦迈奇MV",
"v":"焦迈奇 MV合集"
},
{
"n":"尤长靖MV",
"v":"尤长靖 MV合集"
},
{
"n":"郑中基MV",
"v":"郑中基 MV合集"
},
{
"n":"张艺兴MV",
"v":"张艺兴 MV合集"
},
{
"n":"王嘉尔MV",
"v":"王嘉尔 MV合集"
},
{
"n":"刘宪华MV",
"v":"刘宪华 MV合集"
},
{
"n":"张敬轩MV",
"v":"张敬轩 MV合集"
},
{
"n":"李克勤MV",
"v":"李克勤 MV合集"
},
{
"n":"阿杜MV",
"v":"阿杜 MV合集"
},
{
"n":"崔健MV",
"v":"崔健 MV合集"
},
{
"n":"庾澄庆MV",
"v":"庾澄庆 MV合集"
},
{
"n":"汪峰MV",
"v":"汪峰 MV合集"
},
{
"n":"杨坤MV",
"v":"杨坤 MV合集"
},
{
"n":"张震岳MV",
"v":"张震岳 MV合集"
},
{
"n":"齐秦MV",
"v":"齐秦 MV合集"
},
{
"n":"张雨生MV",
"v":"张雨生 MV合集"
},
{
"n":"黄品源MV",
"v":"黄品源 MV合集"
},
{
"n":"丁当MV",
"v":"丁当 MV合集"
},
{
"n":"郑智化MV",
"v":"郑智化 MV合集"
},
{
"n":"谢霆锋MV",
"v":"谢霆锋 MV合集"
},
{
"n":"黄小琥MV",
"v":"黄小琥 MV合集"
},
{
"n":"任嘉伦MV",
"v":"任嘉伦 MV合集"
},
{
"n":"宋亚森MV",
"v":"宋亚森 MV合集"
},
{
"n":"费玉清MV",
"v":"费玉清 MV合集"
},
{
"n":"费翔MV",
"v":"费翔 MV合集"
},
{
"n":"金志文MV",
"v":"金志文 MV合集"
},
{
"n":"黄家强MV",
"v":"黄家强 MV合集"
},
{
"n":"方大同MV",
"v":"方大同 MV合集"
},
{
"n":"吴克群MV",
"v":"吴克群 MV合集"
},
{
"n":"罗大佑MV",
"v":"罗大佑 MV合集"
},
{
"n":"光良MV",
"v":"光良 MV合集"
},
{
"n":"王杰MV",
"v":"王杰 MV合集"
},
{
"n":"金池MV",
"v":"金池 MV合集"
},
{
"n":"屠洪刚MV",
"v":"屠洪刚 MV合集"
},
{
"n":"戴荃MV",
"v":"戴荃 MV合集"
},
{
"n":"罗志祥MV",
"v":"罗志祥 MV合集"
},
{
"n":"王力宏MV",
"v":"王力宏 MV合集"
},
{
"n":"迈克尔杰克逊MV",
"v":"迈克尔杰克逊 MV合集"
},
{
"n":"泰勒·斯威夫特MV",
"v":"泰勒·斯威夫特 MV合集"
},
{
"n":"贾斯丁比伯MV",
"v":"贾斯丁比伯 MV合集"
}
]
},
{
"key":"tid",
"name":"语种",
"value":[
{
"n":"华语MV",
"v":"华语 MV合集"
},
{
"n":"欧美MV",
"v":"欧美 MV合集"
},
{
"n":"日语MV",
"v":"日语 MV合集"
},
{
"n":"韩语MV",
"v":"韩语 MV合集"
},
{
"n":"国语MV",
"v":"国语 MV合集"
},
{
"n":"粤语MV",
"v":"粤语 MV合集"
},
{
"n":"闽南语MV",
"v":"闽南语 MV合集"
},
{
"n":"东南亚MV",
"v":"东南亚 MV合集"
},
{
"n":"英语MV",
"v":"英语 MV合集"
},
{
"n":"俄语MV",
"v":"俄语 MV合集"
},
{
"n":"印度MV",
"v":"印度 MV合集"
},
{
"n":"自制MV",
"v":"自制 MV合集"
}
]
},
{
"key":"tid",
"name":"乐队组合",
"value":[
{
"n":"乐队MV",
"v":"乐队 MV合集"
},
{
"n":"组合MV",
"v":"组合 MV合集"
},
{
"n":"Beyond MV",
"v":"Beyond MV合集"
},
{
"n":"凤凰传奇MV",
"v":"凤凰传奇 MV合集"
},
{
"n":"纵贯线MV",
"v":"纵贯线 MV合集"
},
{
"n":"苏打绿MV",
"v":"苏打绿 MV合集"
},
{
"n":"五月天MV",
"v":"五月天 MV合集"
},
{
"n":"TFBOYS MV",
"v":"TFBOYS MV合集"
},
{
"n":"羽泉MV",
"v":"羽泉 MV合集"
},
{
"n":"草蜢MV",
"v":"草蜢 MV合集"
},
{
"n":"逃跑计划MV",
"v":"逃跑计划 MV合集"
},
{
"n":"青鸟飞鱼MV",
"v":"青鸟飞鱼 MV合集"
},
{
"n":"飞儿乐队MV",
"v":"飞儿乐队 MV合集"
},
{
"n":"花儿乐队MV",
"v":"花儿乐队 MV合集"
},
{
"n":"南拳妈妈MV",
"v":"南拳妈妈 MV合集"
},
{
"n":"水木年华MV",
"v":"水木年华 MV合集"
},
{
"n":"动力火车MV",
"v":"动力火车 MV合集"
},
{
"n":"筷子兄弟MV",
"v":"筷子兄弟 MV合集"
},
{
"n":"鹿先森乐队MV",
"v":"鹿先森乐队 MV合集"
},
{
"n":"信乐队MV",
"v":"信乐队 MV合集"
},
{
"n":"旅行团乐队MV",
"v":"旅行团乐队 MV合集"
},
{
"n":"林肯公园MV",
"v":"林肯公园 MV合集"
},
{
"n":"BIGBANG MV",
"v":"BIGBANG MV合集"
},
{
"n":"后街男孩MV",
"v":"后街男孩 MV合集"
},
{
"n":"夜愿乐队MV",
"v":"夜愿乐队 MV合集"
}
]
},
{
"key":"duration",
"name":"时长",
"value":[
{
"n":"全部",
"v":"0"
},
{
"n":"60分钟以上",
"v":"4"
},
{
"n":"30~60分钟",
"v":"3"
},
{
"n":"10~30分钟",
"v":"2"
},
{
"n":"10分钟以下",
"v":"1"
}
]
}
],
"4K MV":[
{
"key":"tid",
"name":"分类",
"value":[
{
"n":"4K MV",
"v":"4K MV"
},
{
"n":"4K MV合集",
"v":"4K MV合集"
},
{
"n":"4K全网第一",
"v":"4K全网第一"
},
{"n":"4K60FPS",
"v":"4K60FPS"
}
]
},
{
"key":"tid",
"name":"分类",
"value":[
{
"n":"4K韩国女星MV",
"v":"4K韩国女星 MV合集"
},
{
"n":"4K李孝利MV",
"v":"4K李孝利 MV合集"
},
{
"n":"4K李知恩MV",
"v":"4K李知恩 MV合集"
},
{
"n":"4K林允儿MV",
"v":"4K林允儿 MV合集"
},
{
"n":"4K金泫雅MV",
"v":"4K金泫雅 MV合集"
},
{
"n":"4K金泰妍MV",
"v":"4K金泰妍 MV合集"
},
{
"n":"4K李宣美MV",
"v":"4K李宣美 MV合集"
},
{
"n":"4K崔雪莉MV",
"v":"4K崔雪莉 MV合集"
},
{
"n":"4K安喜延MV",
"v":"4K安喜延 MV合集"
},
{
"n":"4K金亚荣MV",
"v":"4K金亚荣 MV合集"
},
{
"n":"4K李知恩MV",
"v":"4K李知恩 MV合集"
},
{
"n":"4K李贞贤MV",
"v":"4K李贞贤 MV合集"
},
{
"n":"4K洪真英MV",
"v":"4K洪真英 MV合集"
}
]
},
{
"key":"tid",
"name":"分类",
"value":[
{
"n":"4K日本女星MV",
"v":"4K日本女星 MV合集"
},
{
"n":"4K YUI MV",
"v":"4K YUI MV合集"
},
{
"n":"4K幸田来未MV",
"v":"4K幸田来未 MV合集"
},
{
"n":"4K安室奈美惠MV",
"v":"4K安室奈美惠 MV合集"
},
{
"n":"4K滨崎步MV",
"v":"4K滨崎步 MV合集"
},
{
"n":"4K古谷仁美MV",
"v":"4K古谷仁美 MV合集"
},
{
"n":"4K宇多田光MV",
"v":"4K宇多田光 MV合集"
},
{
"n":"4K伊藤由奈MV",
"v":"4K伊藤由奈 MV合集"
},
{
"n":"4K玉置成实MV",
"v":"4K玉置成实 MV合集"
},
{
"n":"4K仓木麻衣MV",
"v":"4K仓木麻衣 MV合集"
},
{
"n":"4K AngelaAki MV",
"v":"4K Angela MV合集"
},
{
"n":"4K中岛美雪MV",
"v":"4K中岛美雪 MV合集"
}
]
},
{
"key":"tid",
"name":"分类",
"value":[
{
"n":"4K女星MV",
"v":"4K女星 MV合集"
},
{
"n":"4K戴佩妮MV",
"v":"4K戴佩妮 MV合集"
},
{
"n":"4K邓紫棋MV",
"v":"4K邓紫棋 MV合集"
},
{
"n":"4K张韶涵MV",
"v":"4K张韶涵 MV合集"
},
{
"n":"4K蔡健雅MV",
"v":"4K蔡健雅 MV合集"
},
{
"n":"4K莫文蔚MV",
"v":"4K莫文蔚 MV合集"
},
{
"n":"4K刘若英MV",
"v":"4K刘若英 MV合集"
},
{
"n":"4K邓丽君MV",
"v":"4K邓丽君 MV合集"
},
{
"n":"4K蔡依林MV",
"v":"4K蔡依林 MV合集"
},
{
"n":"4K李宇春MV",
"v":"4K李宇春 MV合集"
},
{
"n":"4K徐佳莹MV",
"v":"4K徐佳莹 MV合集"
},
{
"n":"4K杨千嬅MV",
"v":"4K杨千嬅 MV合集"
},
{
"n":"4K张靓颖MV",
"v":"4K张靓颖 MV合集"
},
{
"n":"4K杨丞琳MV",
"v":"4K杨丞琳 MV合集"
},
{
"n":"4K萧亚轩MV",
"v":"4K萧亚轩 MV合集"
},
{
"n":"4K容祖儿MV",
"v":"4K容祖儿 MV合集"
},
{
"n":"4K梅艳芳MV",
"v":"4K梅艳芳 MV合集"
},
{
"n":"4K孙燕姿MV",
"v":"4K孙燕姿 MV合集"
},
{
"n":"4K袁娅维MV",
"v":"4K袁娅维 MV合集"
},
{
"n":"4K王菲MV",
"v":"4K王菲 MV合集"
},
{
"n":"4K梁静茹MV",
"v":"4K梁静茹 MV合集"
},
{
"n":"4K周慧敏MV",
"v":"4K周慧敏 MV合集"
},
{
"n":"4K张惠妹MV",
"v":"4K张惠妹 MV合集"
},
{
"n":"4K周笔畅MV",
"v":"4K周笔畅 MV合集"
},
{
"n":"4K谭维维MV",
"v":"4K谭维维 MV合集"
},
{
"n":"4K陈慧娴MV",
"v":"4K陈慧娴 MV合集"
},
{
"n":"4K郭静MV",
"v":"4K郭静 MV合集"
},
{
"n":"4K那英MV",
"v":"4K那英 MV合集"
},
{
"n":"4K韩红MV",
"v":"4K韩红 MV合集"
},
{
"n":"4K林忆莲MV",
"v":"4K林忆莲 MV合集"
},
{
"n":"4K李玟MV",
"v":"4K李玟 MV合集"
},
{
"n":"4K徐小凤MV",
"v":"4K徐小凤 MV合集"
},
{
"n":"4K卓依婷MV",
"v":"4K卓依婷 MV合集"
},
{
"n":"4K郁可唯MV",
"v":"4K郁可唯 MV合集"
},
{
"n":"4K田震MV",
"v":"4K田震 MV合集"
},
{
"n":"4K凤飞飞MV",
"v":"4K凤飞飞 MV合集"
},
{
"n":"4K谭晶MV",
"v":"4K谭晶 MV合集"
},
{
"n":"4K叶倩文MV",
"v":"4K叶倩文 MV合集"
},
{
"n":"4K王心凌MV",
"v":"4K王心凌 MV合集"
},
{
"n":"4K郭采洁MV",
"v":"4K郭采洁 MV合集"
},
{
"n":"4K阿黛尔MV",
"v":"4K阿黛尔 MV合集"
},
{
"n":"4K LadyGaga MV",
"v":"4K LadyGaga MV合集"
},
{
"n":"4K布兰妮MV",
"v":"4K布兰妮 MV合集"
},
{
"n":"4K洛天依MV",
"v":"4K洛天依 MV合集"
},
{
"n":"4K初音未来MV",
"v":"4K初音未来 MV合集"
}
]
},
{
"key":"tid",
"name":"分类",
"value":[
{
"n":"4K男星MV",
"v":"4K男星 MV合集"
},
{
"n":"4K周杰伦MV",
"v":"4K周杰伦 MV合集"
},
{
"n":"4K陈奕迅MV",
"v":"4K陈奕迅 MV合集"
},
{
"n":"4K刘德华MV",
"v":"4K刘德华 MV合集"
},
{
"n":"4K郭富城MV",
"v":"4K郭富城 MV合集"
},
{
"n":"4K张学友MV",
"v":"4K张学友 MV合集"
},
{
"n":"4K黎明MV",
"v":"4K黎明 MV合集"
},
{
"n":"4K李宗盛MV",
"v":"4K李宗盛 MV合集"
},
{
"n":"4K朴树MV",
"v":"4K朴树 MV合集"
},
{
"n":"4K林子祥MV",
"v":"4K林子祥 MV合集"
},
{
"n":"4K任贤齐MV",
"v":"4K任贤齐 MV合集"
},
{
"n":"4K张信哲MV",
"v":"4K张信哲 MV合集"
},
{
"n":"4K孙楠MV",
"v":"4K孙楠 MV合集"
},
{
"n":"4K张宇MV",
"v":"4K张宇 MV合集"
},
{
"n":"4K周华健MV",
"v":"4K周华健 MV合集"
},
{
"n":"4K薛之谦MV",
"v":"4K薛之谦 MV合集"
},
{
"n":"4K许嵩MV",
"v":"4K许嵩 MV合集"
},
{
"n":"4K周深MV",
"v":"4K周深 MV合集"
},
{
"n":"4K毛不易MV",
"v":"4K毛不易 MV合集"
},
{
"n":"4K汪苏泷MV",
"v":"4K汪苏泷 MV合集"
},
{
"n":"4K杨宗纬MV",
"v":"4K杨宗纬 MV合集"
},
{
"n":"4K胡彦斌MV",
"v":"4K胡彦斌 MV合集"
},
{
"n":"4K李荣浩MV",
"v":"4K李荣浩 MV合集"
},
{
"n":"4K林志炫MV",
"v":"4K林志炫 MV合集"
},
{
"n":"4K陶喆MV",
"v":"4K陶喆 MV合集"
},
{
"n":"4K胡夏MV",
"v":"4K胡夏 MV合集"
},
{
"n":"4K李玉刚MV",
"v":"4K李玉刚 MV合集"
},
{
"n":"4K弦子MV",
"v":"4K弦子 MV合集"
},
{
"n":"4K陈小春MV",
"v":"4K陈小春 MV合集"
},
{
"n":"4K鹿晗MV",
"v":"4K鹿晗 MV合集"
},
{
"n":"4K许巍MV",
"v":"4K许巍 MV合集"
},
{
"n":"4K林俊杰MV",
"v":"4K林俊杰 MV合集"
},
{
"n":"4K赵雷MV",
"v":"4K赵雷 MV合集"
},
{
"n":"4K谭咏麟MV",
"v":"4K谭咏麟 MV合集"
},
{
"n":"4K周传雄MV",
"v":"4K周传雄 MV合集"
},
{
"n":"4K张国荣MV",
"v":"4K张国荣 MV合集"
},
{
"n":"4K李健MV",
"v":"4K李健 MV合集"
},
{
"n":"4K华晨宇MV",
"v":"4K华晨宇 MV合集"
},
{
"n":"4K大张伟MV",
"v":"4K大张伟 MV合集"
},
{"n":"4K王俊凯MV",
"v":"4K王俊凯 MV合集"
},
{
"n":"4K易烊千玺MV",
"v":"4K易烊千玺 MV合集"
},
{
"n":"4K王源MV",
"v":"4K王源 MV合集"
},
{
"n":"4K田馥甄MV",
"v":"4K田馥甄 MV合集"
},
{
"n":"4K小虎队MV",
"v":"4K小虎队 MV合集"
},
{
"n":"4K张杰MV",
"v":"4K张杰 MV合集"
},
{
"n":"4K伍佰MV",
"v":"4K伍佰 MV合集"
},
{
"n":"4K刀郎MV",
"v":"4K刀郎 MV合集"
},
{
"n":"4K潘玮柏MV",
"v":"4K潘玮柏 MV合集"
},
{
"n":"4K林宥嘉MV",
"v":"4K林宥嘉 MV合集"
},
{
"n":"4K蔡徐坤MV",
"v":"4K蔡徐坤 MV合集"
},
{
"n":"4K李圣杰MV",
"v":"4K李圣杰 MV合集"
},
{
"n":"4K萧敬腾MV",
"v":"4K萧敬腾 MV合集"
},
{
"n":"4K焦迈奇MV",
"v":"4K焦迈奇 MV合集"
},
{
"n":"4K尤长靖MV",
"v":"4K尤长靖 MV合集"
},
{
"n":"4K郑中基MV",
"v":"4K郑中基 MV合集"
},
{
"n":"4K张艺兴MV",
"v":"4K张艺兴 MV合集"
},
{
"n":"4K王嘉尔MV",
"v":"4K王嘉尔 MV合集"
},
{
"n":"4K刘宪华MV",
"v":"4K刘宪华 MV合集"
},
{
"n":"4K张敬轩MV",
"v":"4K张敬轩 MV合集"
},
{
"n":"4K李克勤MV",
"v":"4K李克勤 MV合集"
},
{
"n":"4K阿杜MV",
"v":"4K阿杜 MV合集"
},
{
"n":"4K崔健MV",
"v":"4K崔健 MV合集"
},
{
"n":"4K庾澄庆MV",
"v":"4K庾澄庆 MV合集"
},
{
"n":"4K汪峰MV",
"v":"4K汪峰 MV合集"
},
{
"n":"4K杨坤MV",
"v":"4K杨坤 MV合集"
},
{
"n":"4K张震岳MV",
"v":"4K张震岳 MV合集"
},
{
"n":"4K齐秦MV",
"v":"4K齐秦 MV合集"
},
{
"n":"4K张雨生MV",
"v":"4K张雨生 MV合集"
},
{
"n":"4K黄品源MV",
"v":"4K黄品源 MV合集"
},
{
"n":"4K丁当MV",
"v":"4K丁当 MV合集"
},
{
"n":"4K郑智化MV",
"v":"4K郑智化 MV合集"
},
{
"n":"4K谢霆锋MV",
"v":"4K谢霆锋 MV合集"
},
{
"n":"4K黄小琥MV",
"v":"4K黄小琥 MV合集"
},
{
"n":"4K任嘉伦MV",
"v":"4K任嘉伦 MV合集"
},
{
"n":"4K宋亚森MV",
"v":"4K宋亚森 MV合集"
},
{
"n":"4K费玉清MV",
"v":"4K费玉清 MV合集"
},
{
"n":"4K费翔MV",
"v":"4K费翔 MV合集"
},
{
"n":"4K金志文MV",
"v":"4K金志文 MV合集"
},
{
"n":"4K黄家强MV",
"v":"4K黄家强 MV合集"
},
{
"n":"4K方大同MV",
"v":"4K方大同 MV合集"
},
{
"n":"4K吴克群MV",
"v":"4K吴克群 MV合集"
},
{
"n":"4K罗大佑MV",
"v":"4K罗大佑 MV合集"
},
{
"n":"4K光良MV",
"v":"4K光良 MV合集"
},
{
"n":"4K王杰MV",
"v":"4K王杰 MV合集"
},
{
"n":"4K金池MV",
"v":"4K金池 MV合集"
},
{
"n":"4K屠洪刚MV",
"v":"4K屠洪刚 MV合集"
},
{
"n":"4K戴荃MV",
"v":"4K戴荃 MV合集"
},
{
"n":"4K罗志祥MV",
"v":"4K罗志祥 MV合集"
},
{
"n":"4K王力宏MV",
"v":"4K王力宏 MV合集"
},
{
"n":"4K迈克尔杰克逊MV",
"v":"4K迈克尔杰克逊 MV合集"
},
{
"n":"4K泰勒·斯威夫特MV",
"v":"4K泰勒·斯威夫特 MV合集"
},
{
"n":"4K贾斯丁比伯MV",
"v":"4K贾斯丁比伯 MV合集"
}
]
},
{
"key":"tid",
"name":"语种",
"value":[
{
"n":"4K华语MV",
"v":"4K华语 MV合集"
},
{
"n":"4K欧美MV",
"v":"4K欧美 MV合集"
},
{
"n":"4K日语MV",
"v":"4K日语 MV合集"
},
{
"n":"4K韩语MV",
"v":"4K韩语 MV合集"
},
{
"n":"4K国语MV",
"v":"4K国语 MV合集"
},
{
"n":"4K粤语MV",
"v":"4K粤语 MV合集"
},
{
"n":"4K闽南语MV",
"v":"4K闽南语 MV合集"
},
{
"n":"4K东南亚MV",
"v":"4K东南亚 MV合集"
},
{
"n":"4K英语MV",
"v":"4K英语 MV合集"
},
{
"n":"4K俄语MV",
"v":"4K俄语 MV合集"
},
{
"n":"4K印度MV",
"v":"4K印度 MV合集"
},
{
"n":"4K自制MV",
"v":"4K自制 MV合集"
}
]
},
{
"key":"tid",
"name":"乐队组合",
"value":[
{
"n":"4K乐队MV",
"v":"4K乐队 MV合集"
},
{
"n":"4K组合MV",
"v":"4K组合 MV合集"
},
{
"n":"4K Beyond MV",
"v":"4K Beyond MV合集"
},
{
"n":"4K凤凰传奇MV",
"v":"4K凤凰传奇 MV合集"
},
{
"n":"4K纵贯线MV",
"v":"4K纵贯线 MV合集"
},
{
"n":"4K苏打绿MV",
"v":"4K苏打绿 MV合集"
},
{
"n":"4K五月天MV",
"v":"4K五月天 MV合集"
},
{
"n":"4K TFBOYS MV",
"v":"4K TFBOYS MV合集"
},
{
"n":"4K羽泉MV",
"v":"4K羽泉 MV合集"
},
{
"n":"4K草蜢MV",
"v":"4K草蜢 MV合集"
},
{
"n":"4K逃跑计划MV",
"v":"4K逃跑计划 MV合集"
},
{
"n":"4K青鸟飞鱼MV",
"v":"4K青鸟飞鱼 MV合集"
},
{
"n":"4K飞儿乐队MV",
"v":"4K飞儿乐队 MV合集"
},
{
"n":"4K花儿乐队MV",
"v":"4K花儿乐队 MV合集"
},
{
"n":"4K南拳妈妈MV",
"v":"4K南拳妈妈 MV合集"
},
{
"n":"4K水木年华MV",
"v":"4K水木年华 MV合集"
},
{
"n":"4K动力火车MV",
"v":"4K动力火车 MV合集"
},
{
"n":"4K筷子兄弟MV",
"v":"4K筷子兄弟 MV合集"
},
{
"n":"4K鹿先森乐队MV",
"v":"4K鹿先森乐队 MV合集"
},
{
"n":"4K信乐队MV",
"v":"4K信乐队 MV合集"
},
{
"n":"4K旅行团乐队MV",
"v":"4K旅行团乐队 MV合集"
},
{
"n":"4K林肯公园MV",
"v":"4K林肯公园 MV合集"
},
{
"n":"4K BIGBANG MV",
"v":"4K BIGBANG MV合集"
},
{
"n":"4K后街男孩MV",
"v":"4K后街男孩 MV合集"
},
{
"n":"4K夜愿乐队MV",
"v":"4K夜愿乐队 MV合集"
}
]
},
{
"key":"duration",
"name":"时长",
"value":[
{
"n":"全部",
"v":"0"
},
{
"n":"60分钟以上",
"v":"4"
},
{
"n":"30~60分钟",
"v":"3"
},
{
"n":"10~30分钟",
"v":"2"
},
{
"n":"10分钟以下",
"v":"1"
}
]
}
],
"女团":[
{
"key":"tid",
"name":"分类",
"value":[
{
"n":"女团",
"v":"女团"
},
{
"n":"女团合集",
"v":"女团合集"
}
]
},
{
"key":"tid",
"name":"分类",
"value":[
{
"n":"中国女团",
"v":"中国女团"
},
{
"n":"中国女团合集",
"v":"中国女团合集"
},
{
"n":"SNH48",
"v":"SNH48 MV合集"
},
{
"n":"S.H.E",
"v":"S.H.E MV合集"
},
{
"n":"Twins",
"v":"Twins MV合集"
},
{
"n":"火箭少女101",
"v":"火箭少女101 MV合集"
},
{
"n":"BY2",
"v":"BY2 MV合集"
},
{
"n":"S.I.N.G",
"v":"S.I.N.G MV合集"
},
{
"n":"3unshine",
"v":"3unshine MV合集"
},
{
"n":"蜜蜂少女队",
"v":"蜜蜂少女队 MV合集"
},
{
"n":"七朵组合",
"v":"七朵组合 MV合集"
},
{
"n":"GNZ48",
"v":"GNZ48 MV合集"
}
]
},
{
"key":"tid",
"name":"分类",
"value":[
{
"n":"韩国女团",
"v":"韩国女团"
},
{
"n":"韩国女团合集",
"v":"韩国女团合集"
},
{
"n":"TWICE",
"v":"TWICE MV合集"
},
{
"n":"4MINUTE",
"v":"4MINUTE MV合集"
},
{
"n":"EXID",
"v":"EXID MV合集"
},
{
"n":"KARA",
"v":"KARA MV合集"
},
{
"n":"TARA",
"v":"TARA MV合集"
},
{
"n":"BLACKPINK",
"v":"BLACKPINK MV合集"
},
{
"n":"LOONA",
"v":"LOONA MV合集"
},
{
"n":"ITZY",
"v":"ITZY MV合集"
},
{
"n":"RedVelvet",
"v":"RedVelvet MV合集"
},
{
"n":"Everglow",
"v":"Everglow MV合集"
},
{
"n":"Mamamoo",
"v":"Mamamoo MV合集"
},
{
"n":"少女时代",
"v":"少女时代 MV合集"
},
{
"n":"S.E.S",
"v":"S.E.S MV合集"
},
{
"n":"FIN.K.L",
"v":"FIN.K.L MV合集"
},
{
"n":"2NE1",
"v":"2NE1 MV合集"
},
{
"n":"WonderGirls",
"v":"WonderGirls MV合集"
},
{
"n":"IZ*ONE",
"v":"IZ*ONE MV合集"
},
{
"n":"Sistar",
"v":"Sistar MV合集"
},
{
"n":"Apink",
"v":"Apink MV合集"
},
{
"n":"AOA",
"v":"AOA MV合集"
},
{
"n":"GFRIEND",
"v":"GFRIEND MV合集"
},
{
"n":"f(x)",
"v":"f(x) MV合集"
},
{
"n":"(G)I-DLE",
"v":"(G)I-DLE MV合集"
},
{"n":"Itzy",
"v":"Itzy MV合集"
},
{
"n":"Oh!GG",
"v":"Oh!GG MV合集"
},
{
"n":"GirlCrush",
"v":"GirlCrush MV合集"
}
]
},
{
"key":"tid",
"name":"分类",
"value":[
{
"n":"日本女团",
"v":"日本女团"
},
{
"n":"日本女团合集",
"v":"日本女团合集"
},
{
"n":"AKB48",
"v":"AKB48 MV合集"
},
{
"n":"SKE48",
"v":"SKE48 MV合集"
},
{
"n":"NMB48",
"v":"NMB48 MV合集"
},
{
"n":"JKT48",
"v":"JKT48 MV合集"
},
{
"n":"HKT48",
"v":"HKT48 MV合集"
},
{
"n":"AKB48TeamTP",
"v":"AKB48TeamTP MV合集"
},
{
"n":"Perfume",
"v":"Perfume MV合集"
},
{
"n":"桃色幸运草Z",
"v":"桃色幸运草Z MV合集"
},
{
"n":"乃木坂46乃",
"v":"乃木坂46乃 MV合集"
},
{
"n":"樱坂46",
"v":"樱坂46 MV合集"
},
{
"n":"日向坂46",
"v":"日向坂46 MV合集"
},
{
"n":"E-girls",
"v":"E-girls MV合集"
},
{
"n":"NiziU",
"v":"NiziU MV合集"
},
{
"n":"BiSH",
"v":"BiSH MV合集"
},
{
"n":"早安少女组",
"v":"早安少女组 MV合集"
}
]
},
{
"key":"tid",
"name":"分类",
"value":[
{
"n":"4K女团",
"v":"4K女团"
}
]
},
{
"key":"tid",
"name":"分类",
"value":[
{
"n":"4K中国女团",
"v":"4K中国女团"
},
{
"n":"4K中国女团合集",
"v":"4K中国女团合集"
},
{
"n":"4K SNH48",
"v":"4K SNH48 MV合集"
},
{
"n":"4K S.H.E",
"v":"4K S.H.E MV合集"
},
{
"n":"4K Twins",
"v":"4K Twins MV合集"
},
{
"n":"4K火箭少女101",
"v":"4K火箭少女101 MV合集"
},
{
"n":"4K BY2",
"v":"4K BY2 MV合集"
},
{
"n":"4K S.I.N.G",
"v":"4K S.I.N.G MV合集"
},
{
"n":"4K 3unshine",
"v":"4K 3unshine MV合集"
},
{
"n":"4K蜜蜂少女队",
"v":"4K蜜蜂少女队 MV合集"
},
{
"n":"4K七朵组合",
"v":"4K七朵组合 MV合集"
},
{
"n":"4K GNZ48",
"v":"4K GNZ48 MV合集"
}
]
},
{
"key":"tid",
"name":"分类",
"value":[
{
"n":"4K韩国女团",
"v":"4K韩国女团"
},
{
"n":"4K韩国女团合集",
"v":"4K韩国女团合集"
},
{
"n":"4K TWICE",
"v":"4K TWICE MV合集"
},
{
"n":"4K 4MINUTE",
"v":"4K 4MINUTE MV合集"
},
{
"n":"4K EXID",
"v":"4K EXID MV合集"
},
{
"n":"4K KARA",
"v":"4K KARA MV合集"
},
{
"n":"4K TARA",
"v":"4K TARA MV合集"
},
{
"n":"4K BLACKPINK",
"v":"4K BLACKPINK MV合集"
},
{
"n":"4K LOONA",
"v":"4K LOONA MV合集"
},
{
"n":"4K ITZY",
"v":"4K ITZY MV合集"
},
{
"n":"4K RedVelvet",
"v":"4K RedVelvet MV合集"
},
{
"n":"4K Everglow",
"v":"4K Everglow MV合集"
},
{
"n":"4K Mamamoo",
"v":"4K Mamamoo MV合集"
},
{
"n":"4K少女时代",
"v":"4K少女时代 MV合集"
},
{
"n":"4K S.E.S",
"v":"4K S.E.S MV合集"
},
{
"n":"4K FIN.K.L",
"v":"4K FIN.K.L MV合集"
},
{
"n":"4K 2NE1",
"v":"4K 2NE1 MV合集"
},
{
"n":"4K WonderGirls",
"v":"4K WonderGirls MV合集"
},
{
"n":"4K IZ*ONE",
"v":"4K IZ*ONE MV合集"
},
{
"n":"4K Sistar",
"v":"4K Sistar MV合集"
},
{
"n":"4K Apink",
"v":"4K Apink MV合集"
},
{
"n":"4K AOA",
"v":"4K AOA MV合集"
},
{
"n":"4K GFRIEND",
"v":"4K GFRIEND MV合集"
},
{
"n":"4K f(x)",
"v":"4K f(x) MV合集"
},
{
"n":"4K (G)I-DLE",
"v":"4K (G)I-DLE MV合集"
},
{"n":"4K Itzy",
"v":"4K Itzy MV合集"
},
{
"n":"4K Oh!GG",
"v":"4K Oh!GG MV合集"
},
{
"n":"4K GirlCrush",
"v":"4K GirlCrush MV合集"
}
]
},
{
"key":"tid",
"name":"分类",
"value":[
{
"n":"4K日本女团",
"v":"4K日本女团"
},
{
"n":"4K日本女团合集",
"v":"4K日本女团合集"
},
{
"n":"4K AKB48",
"v":"4K AKB48 MV合集"
},
{
"n":"4K SKE48",
"v":"4K SKE48 MV合集"
},
{
"n":"4K NMB48",
"v":"4K NMB48 MV合集"
},
{
"n":"4K JKT48",
"v":"4K JKT48 MV合集"
},
{
"n":"4K HKT48",
"v":"4K HKT48 MV合集"
},
{
"n":"4K AKB48 TeamTP",
"v":"4K AKB48 TeamTP MV合集"
},
{
"n":"4K Perfume",
"v":"4K Perfume MV合集"
},
{
"n":"4K桃色幸运草Z",
"v":"4K桃色幸运草Z MV合集"
},
{
"n":"4K乃木坂46乃",
"v":"4K乃木坂46乃 MV合集"
},
{
"n":"4K樱坂46",
"v":"4K樱坂46 MV合集"
},
{
"n":"4K日向坂46",
"v":"4K日向坂46 MV合集"
},
{
"n":"4K E-girls",
"v":"4K E-girls MV合集"
},
{
"n":"4K NiziU",
"v":"4K NiziU MV合集"
},
{
"n":"4K BiSH",
"v":"4K BiSH MV合集"
},
{
"n":"4K早安少女组",
"v":"4K早安少女组 MV合集"
}
]
},
{
"key":"duration",
"name":"时长",
"value":[
{
"n":"全部",
"v":"0"
},
{
"n":"60分钟以上",
"v":"4"
},
{
"n":"30~60分钟",
"v":"3"
},
{
"n":"10~30分钟",
"v":"2"
},
{
"n":"10分钟以下",
"v":"1"
}
]
}
],
"影视MV":[
{
"key":"duration",
"name":"时长",
"value":[
{
"n":"全部",
"v":"0"
},
{
"n":"60分钟以上",
"v":"4"
},
{
"n":"30~60分钟",
"v":"3"
},
{
"n":"10~30分钟",
"v":"2"
},
{
"n":"10分钟以下",
"v":"1"
}
]
}
],
"球星":[
{
"key":"tid",
"name":"分类",
"value":[
{
"n":"球星",
"v":"球星"},
{
"n":"梅西",
"v":"梅西"},
{
"n":"C罗",
"v":"C罗"},
{
"n":"天下足球",
"v":"天下足球"},
{
"n":"罗纳尔多",
"v":"罗纳尔多"},
{
"n":"亨利",
"v":"亨利"},
{
"n":"小罗",
"v":"小罗"},
{
"n":"齐达内",
"v":"齐达内"},
{
"n":"贝克汉姆",
"v":"贝克汉姆"},
{
"n":"内马尔",
"v":"内马尔"},
{
"n":"德布劳内",
"v":"德布劳内"},
{
"n":"欧冠",
"v":"欧冠"},
{
"n":"世界杯",
"v":"世界杯"},
{
"n":"西甲",
"v":"西甲"},
{
"n":"英超",
"v":"英超"},
{
"n":"意甲",
"v":"意甲"},
{
"n":"德甲",
"v":"德甲"},
{
"n":"国米",
"v":"国米"},
{
"n":"皇马",
"v":"皇马"},
{
"n":"巴萨",
"v":"巴萨"},
{
"n":"巴黎圣日耳曼",
"v":"巴黎圣日耳曼"},
{
"n":"曼联",
"v":"曼联"},
{
"n":"曼城",
"v":"曼城"},
{
"n":"NBA",
"v":"NBA"},
{
"n":"詹姆斯",
"v":"詹姆斯"},
{
"n":"库里",
"v":"库里"},
{
"n":"杜兰特",
"v":"杜兰特"},
{
"n":"UFC",
"v":"UFC"},
{
"n":"斯诺克",
"v":"斯诺克"},
{
"n":"网球",
"v":"网球"},
{
"n":"篮球",
"v":"篮球"},
{
"n":"足球",
"v":"足球"},
{
"n":"F1",
"v":"F1"},
{
"n":"高尔夫",
"v":"高尔夫"
}
]
},
{
"key":"tid",
"name":"分类",
"value":[
{
"n":"4K球星",
"v":"4K球星"},
{
"n":"4K梅西",
"v":"4K梅西"},
{
"n":"4K C罗",
"v":"4K C罗"},
{
"n":"4K天下足球",
"v":"4K天下足球"},
{
"n":"4K罗纳尔多",
"v":"4K罗纳尔多"},
{
"n":"4K亨利",
"v":"4K亨利"},
{
"n":"4K小罗",
"v":"4K小罗"},
{
"n":"4K齐达内",
"v":"4K齐达内"},
{
"n":"4K贝克汉姆",
"v":"4K贝克汉姆"},
{
"n":"4K内马尔",
"v":"4K内马尔"},
{
"n":"4K德布劳内",
"v":"4K德布劳内"},
{
"n":"4K欧冠",
"v":"4K欧冠"},
{
"n":"4K世界杯",
"v":"4K世界杯"},
{
"n":"4K西甲",
"v":"4K西甲"},
{
"n":"4K英超",
"v":"4K英超"},
{
"n":"4K意甲",
"v":"4K意甲"},
{
"n":"4K德甲",
"v":"4K德甲"},
{
"n":"4K国米",
"v":"4K国米"},
{
"n":"4K皇马",
"v":"4K皇马"},
{
"n":"4K巴萨",
"v":"4K巴萨"},
{
"n":"4K巴黎圣日耳曼",
"v":"4K巴黎圣日耳曼"},
{
"n":"4K曼联",
"v":"4K曼联"},
{
"n":"4K曼城",
"v":"4K曼城"},
{
"n":"4K NBA",
"v":"4K NBA"},
{
"n":"4K詹姆斯",
"v":"4K詹姆斯"},
{
"n":"4K库里",
"v":"4K库里"},
{
"n":"4K杜兰特",
"v":"4K杜兰特"},
{
"n":"4K UFC",
"v":"4K UFC"},
{
"n":"4K斯诺克",
"v":"4K斯诺克"},
{
"n":"4K网球",
"v":"4K网球"},
{
"n":"4K篮球",
"v":"4K篮球"},
{
"n":"4K足球",
"v":"4K足球"},
{
"n":"4K F1",
"v":"4K F1"},
{
"n":"4K高尔夫",
"v":"4K高尔夫"
}
]
},
{
"key":"duration",
"name":"时长",
"value":[
{
"n":"全部",
"v":"0"
},
{
"n":"60分钟以上",
"v":"4"
},
{
"n":"30~60分钟",
"v":"3"
},
{
"n":"10~30分钟",
"v":"2"
},
{
"n":"10分钟以下",
"v":"1"
}
]
}
],
"相声小品":[
{
"key":"tid",
"name":"分类",
"value":[
{
"n":"相声小品","v":"相声小品"},
{"n":"单口相声","v":"单口相声"},
{"n":"群口相声","v":"群口相声"},
{"n":"德云社","v":"德云社"},
{"n":"青曲社","v":"青曲社"},
{"n":"郭德纲","v":"郭德纲"},
{"n":"岳云鹏","v":"岳云鹏"},
{"n":"曹云金","v":"曹云金"},
{"n":"评书","v":"评书"},
{"n":"小曲","v":"小曲"},
{"n":"二人转","v":"二人转"},
{"n":"春晚小品","v":"春晚小品"},
{"n":"赵本山","v":"赵本山"},
{"n":"陈佩斯","v":"陈佩斯"},
{"n":"冯巩","v":"冯巩"},
{"n":"宋小宝","v":"宋小宝"},
{"n":"赵丽蓉","v":"赵丽蓉"},
{"n":"郭达","v":"郭达"},
{"n":"潘长江","v":"潘长江"},
{"n":"郭冬临","v":"郭冬临"},
{"n":"严顺开","v":"严顺开"},
{"n":"文松","v":"文松"},
{"n":"开心麻花","v":"开心麻花"},
{"n":"屌丝男士","v":"屌丝男士"},
{"n":"喜剧综艺","v":"喜剧综艺"}]},
{
"key":"tid",
"name":"分类",
"value":[
{
"n":"4K相声小品","v":"4K相声小品"},
{"n":"4K单口相声","v":"4K单口相声"},
{"n":"4K群口相声","v":"4K群口相声"},
{"n":"4K德云社","v":"4K德云社"},
{"n":"4K青曲社","v":"4K青曲社"},
{"n":"4K郭德纲","v":"4K郭德纲"},
{"n":"4K岳云鹏","v":"4K岳云鹏"},
{"n":"4K曹云金","v":"4K曹云金"},
{"n":"4K评书","v":"4K评书"},
{"n":"4K小曲","v":"4K小曲"},
{"n":"4K二人转","v":"4K二人转"},
{"n":"4K春晚小品","v":"4K春晚小品"},
{"n":"4K赵本山","v":"4K赵本山"},
{"n":"4K陈佩斯","v":"4K陈佩斯"},
{"n":"4K冯巩","v":"4K冯巩"},
{"n":"4K宋小宝","v":"4K宋小宝"},
{"n":"4K赵丽蓉","v":"4K赵丽蓉"},
{"n":"4K郭达","v":"4K郭达"},
{"n":"4K潘长江","v":"4K潘长江"},
{"n":"4K郭冬临","v":"4K郭冬临"},
{"n":"4K严顺开","v":"4K严顺开"},
{"n":"4K文松","v":"4K文松"},
{"n":"4K开心麻花","v":"4K开心麻花"},
{"n":"4K屌丝男士","v":"4K屌丝男士"},
{"n":"4K喜剧综艺","v":"4K喜剧综艺"}]},
{
"key":"duration",
"name":"时长",
"value":[
{
"n":"全部",
"v":"0"
},
{
"n":"60分钟以上",
"v":"4"
},
{
"n":"30~60分钟",
"v":"3"
},
{
"n":"10~30分钟",
"v":"2"
},
{
"n":"10分钟以下",
"v":"1"
}
]
}
],
"儿童少儿":[
{"key":"tid",
"name":"分类",
"value":[
{"n":"儿童","v":"儿童"},
{"n":"教育","v":"儿童教育"},
{"n":"歌曲","v":"儿童歌曲"},
{"n":"舞蹈","v":"儿童舞蹈"},
{"n":"成语故事","v":"儿童成语故事"},
{"n":"音乐","v":"儿童音乐"},
{"n":"儿童 MV","v":"儿童 MV"},
{"n":"贝乐虎","v":"贝乐虎"},
{"n":"宝宝巴士","v":"宝宝巴士"},
{"n":"儿歌多多","v":"儿歌多多"},
{"n":"超级宝贝","v":"超级宝贝JOJO"},
{"n":"儿童好声音","v":"儿童好声音"},
{"n":"岁益智动画","v":"3-6岁益智动画"},
{"n":"少儿频道","v":"6-8岁少儿频道"},
{"n":"学而思课程","v":"学而思课程"}]},
{"key":"tid",
"name":"分类",
"value":[
{"n":"4K儿童","v":"4K儿童"},
{"n":"4K教育","v":"4K儿童教育"},
{"n":"4K歌曲","v":"4K儿童歌曲"},
{"n":"4K舞蹈","v":"4K儿童舞蹈"},
{"n":"4K成语故事","v":"4K儿童成语故事"},
{"n":"4K音乐","v":"4K儿童音乐"},
{"n":"4K儿童 MV","v":"4K儿童 MV"},
{"n":"4K贝乐虎","v":"4K贝乐虎"},
{"n":"4K宝宝巴士","v":"4K宝宝巴士"},
{"n":"4K儿歌多多","v":"4K儿歌多多"},
{"n":"4K超级宝贝","v":"4K超级宝贝JOJO"},
{"n":"4K儿童好声音","v":"4K儿童好声音"},
{"n":"4K岁益智动画","v":"4K 3-6岁益智动画"},
{"n":"4K少儿频道","v":"4K 6-8岁少儿频道"},
{"n":"4K学而思课程","v":"4K学而思课程"}]},
{
"key":"duration",
"name":"时长",
"value":[
{
"n":"全部",
"v":"0"
},
{
"n":"60分钟以上",
"v":"4"
},
{
"n":"30~60分钟",
"v":"3"
},
{
"n":"10~30分钟",
"v":"2"
},
{
"n":"10分钟以下",
"v":"1"
}
]
}
],
"动物世界":[
{"key":"tid",
"name":"分类",
"value":[
{"n":"动物世界","v":"动物世界"},
{"n":"4K动物世界","v":"4K动物世界"}]},
{
"key":"duration",
"name":"时长",
"value":[
{
"n":"全部",
"v":"0"
},
{
"n":"60分钟以上",
"v":"4"
},
{
"n":"30~60分钟",
"v":"3"
},
{
"n":"10~30分钟",
"v":"2"
},
{
"n":"10分钟以下",
"v":"1"
}
]
}
],
"戏曲":[
{
"key":"tid",
"name":"分类",
"value":[
{"n":"戏曲","v":"戏曲"},
{"n":"京剧","v":"京剧"},
{"n":"越剧","v":"越剧"},
{"n":"黄梅戏","v":"黄梅戏"},
{"n":"评剧","v":"评剧"},
{"n":"豫剧","v":"豫剧"},
{"n":"昆曲","v":"昆曲"},
{"n":"高腔","v":"高腔"},
{"n":"梆子腔","v":"梆子腔"},
{"n":"河北梆子","v":"河北梆子"},
{"n":"晋剧","v":"晋剧"},
{"n":"蒲剧","v":"蒲剧"},
{"n":"雁剧","v":"雁剧"},
{"n":"上党梆子","v":"上党梆子"},
{"n":"秦腔","v":"秦腔"},
{"n":"武安平调","v":"武安平调"},
{"n":"二人台","v":"二人台"},
{"n":"吉剧","v":"吉剧"},
{"n":"龙江剧","v":"龙江剧"},
{"n":"越调","v":"越调"},
{"n":"河南曲剧","v":"河南曲剧"},
{"n":"山东梆子","v":"山东梆子"},
{"n":"淮剧","v":"淮剧"},
{"n":"沪剧","v":"沪剧"},
{"n":"滑稽戏","v":"滑稽戏"},
{"n":"婺剧","v":"婺剧"},
{"n":"绍剧","v":"绍剧"},
{"n":"徽剧","v":"徽剧"},
{"n":"闽剧","v":"闽剧"},
{"n":"莆仙戏","v":"莆仙戏"},
{"n":"梨园戏","v":"梨园戏"},
{"n":"高甲戏","v":"高甲戏"},
{"n":"赣剧","v":"赣剧"},
{"n":"采茶戏","v":"采茶戏"},
{"n":"汉剧","v":"汉剧"},
{"n":"湘剧","v":"湘剧"},
{"n":"祁剧","v":"祁剧"},
{"n":"湖南花鼓戏","v":"湖南花鼓戏"},
{"n":"粤剧","v":"粤剧"},
{"n":"潮剧","v":"潮剧"},
{"n":"桂剧","v":"桂剧"},
{"n":"彩调","v":"彩调"},
{"n":"壮剧","v":"壮剧"},
{"n":"川剧","v":"川剧"},
{"n":"黔剧","v":"黔剧"},
{"n":"滇剧","v":"滇剧"},
{"n":"傣剧","v":"傣剧"},
{"n":"藏剧","v":"藏剧"},
{"n":"皮影戏","v":"皮影戏"}]},
{
"key":"tid",
"name":"分类",
"value":[
{"n":"4K戏曲","v":"4K戏曲"},
{"n":"4K京剧","v":"4K京剧"},
{"n":"4K越剧","v":"4K越剧"},
{"n":"4K黄梅戏","v":"4K黄梅戏"},
{"n":"4K评剧","v":"4K评剧"},
{"n":"4K豫剧","v":"4K豫剧"},
{"n":"4K昆曲","v":"4K昆曲"},
{"n":"4K高腔","v":"4K高腔"},
{"n":"4K梆子腔","v":"4K梆子腔"},
{"n":"4K河北梆子","v":"4K河北梆子"},
{"n":"4K晋剧","v":"4K晋剧"},
{"n":"4K蒲剧","v":"4K蒲剧"},
{"n":"4K雁剧","v":"4K雁剧"},
{"n":"4K上党梆子","v":"4K上党梆子"},
{"n":"4K秦腔","v":"4K秦腔"},
{"n":"4K武安平调","v":"4K武安平调"},
{"n":"4K二人台","v":"4K二人台"},
{"n":"4K吉剧","v":"4K吉剧"},
{"n":"4K龙江剧","v":"4K龙江剧"},
{"n":"4K越调","v":"4K越调"},
{"n":"4K河南曲剧","v":"4K河南曲剧"},
{"n":"4K山东梆子","v":"4K山东梆子"},
{"n":"4K淮剧","v":"4K淮剧"},
{"n":"4K沪剧","v":"4K沪剧"},
{"n":"4K滑稽戏","v":"4K滑稽戏"},
{"n":"4K婺剧","v":"4K婺剧"},
{"n":"4K绍剧","v":"4K绍剧"},
{"n":"4K徽剧","v":"4K徽剧"},
{"n":"4K闽剧","v":"4K闽剧"},
{"n":"4K莆仙戏","v":"4K莆仙戏"},
{"n":"4K梨园戏","v":"4K梨园戏"},
{"n":"4K高甲戏","v":"4K高甲戏"},
{"n":"4K赣剧","v":"4K赣剧"},
{"n":"4K采茶戏","v":"4K采茶戏"},
{"n":"4K汉剧","v":"4K汉剧"},
{"n":"4K湘剧","v":"4K湘剧"},
{"n":"4K祁剧","v":"4K祁剧"},
{"n":"4K湖南花鼓戏","v":"4K湖南花鼓戏"},
{"n":"4K粤剧","v":"4K粤剧"},
{"n":"4K潮剧","v":"4K潮剧"},
{"n":"4K桂剧","v":"4K桂剧"},
{"n":"4K彩调","v":"4K彩调"},
{"n":"4K壮剧","v":"4K壮剧"},
{"n":"4K川剧","v":"4K川剧"},
{"n":"4K黔剧","v":"4K黔剧"},
{"n":"4K滇剧","v":"4K滇剧"},
{"n":"4K傣剧","v":"4K傣剧"},
{"n":"4K藏剧","v":"4K藏剧"},
{"n":"4K皮影戏","v":"4K皮影戏"}]},
{
"key":"duration",
"name":"时长",
"value":[
{
"n":"全部",
"v":"0"
},
{
"n":"60分钟以上",
"v":"4"
},
{
"n":"30~60分钟",
"v":"3"
},
{
"n":"10~30分钟",
"v":"2"
},
{
"n":"10分钟以下",
"v":"1"
}
]
}
],
"窗白噪音":[
{
"key":"duration",
"name":"时长",
"value":[
{
"n":"全部",
"v":"0"
},
{
"n":"60分钟以上",
"v":"4"
},
{
"n":"30~60分钟",
"v":"3"
},
{
"n":"10~30分钟",
"v":"2"
},
{
"n":"10分钟以下",
"v":"1"
}
]
}
],
"演唱会":[
{"key":"tid",
"name":"分类",
"value":[
{"n":"演唱会","v":"演唱会"},
{"n":"周杰伦","v":"周杰伦演唱会"},
{"n":"陈奕迅","v":"陈奕迅演唱会"},
{"n":"Beyond","v":"Beyond演唱会"},
{"n":"刘德华","v":"刘德华演唱会"},
{"n":"郭富城","v":"郭富城演唱会"},
{"n":"张学友","v":"张学友演唱会"},
{"n":"黎明","v":"黎明演唱会"},
{"n":"李宗盛","v":"李宗盛演唱会"},
{"n":"邓丽君","v":"邓丽君演唱会"},
{"n":"朴树","v":"朴树演唱会"},
{"n":"林子祥","v":"林子祥演唱会"},
{"n":"任贤齐","v":"任贤齐演唱会"},
{"n":"张信哲","v":"张信哲演唱会"},
{"n":"孙楠","v":"孙楠演唱会"},
{"n":"张宇","v":"张宇演唱会"},
{"n":"周华健","v":"周华健演唱会"},
{"n":"蔡依林","v":"蔡依林演唱会"},
{"n":"薛之谦","v":"薛之谦演唱会"},
{"n":"洛天依","v":"洛天依演唱会"},
{"n":"初音未来","v":"初音未来演唱会"},
{"n":"许嵩","v":"许嵩演唱会"},
{"n":"戴佩妮","v":"戴佩妮演唱会"},
{"n":"邓紫棋","v":"邓紫棋演唱会"},
{"n":"张韶涵","v":"张韶涵演唱会"},
{"n":"蔡健雅","v":"蔡健雅演唱会"},
{"n":"莫文蔚","v":"莫文蔚演唱会"},
{"n":"刘若英","v":"刘若英演唱会"},
{"n":"周深","v":"周深演唱会"},
{"n":"毛不易","v":"毛不易演唱会"},
{"n":"汪苏泷","v":"汪苏泷演唱会"},
{"n":"李宇春","v":"李宇春演唱会"},
{"n":"徐佳莹","v":"徐佳莹演唱会"},
{"n":"杨宗纬","v":"杨宗纬演唱会"},
{"n":"胡彦斌","v":"胡彦斌演唱会"},
{"n":"杨千嬅","v":"杨千嬅演唱会"},
{"n":"张靓颖","v":"张靓颖演唱会"},
{"n":"李荣浩","v":"李荣浩演唱会"},
{"n":"杨丞琳","v":"杨丞琳演唱会"},
{"n":"林志炫","v":"林志炫演唱会"},
{"n":"陶喆","v":"陶喆演唱会"},
{"n":"胡夏","v":"胡夏演唱会"},
{"n":"李玉刚","v":"李玉刚演唱会"},
{"n":"弦子","v":"弦子演唱会"},
{"n":"陈小春","v":"陈小春演唱会"},
{"n":"萧亚轩","v":"萧亚轩演唱会"},
{"n":"鹿晗","v":"鹿晗演唱会"},
{"n":"纵贯线","v":"纵贯线演唱会"},
{"n":"许巍","v":"许巍演唱会"},
{"n":"林俊杰","v":"林俊杰演唱会"},
{"n":"赵雷","v":"赵雷演唱会"},
{"n":"谭咏麟","v":"谭咏麟演唱会"},
{"n":"凤凰传奇","v":"凤凰传奇演唱会"},
{"n":"容祖儿","v":"容祖儿演唱会"},
{"n":"周传雄","v":"周传雄演唱会"},
{"n":"SHE","v":"SHE演唱会"},
{"n":"苏打绿","v":"苏打绿演唱会"},
{"n":"五月天","v":"五月天演唱会"},
{"n":"张国荣","v":"张国荣演唱会"},
{"n":"梅艳芳","v":"梅艳芳演唱会"},
{"n":"孙燕姿","v":"孙燕姿演唱会"},
{"n":"李健","v":"李健演唱会"},
{"n":"华晨宇","v":"华晨宇演唱会"},
{"n":"袁娅维","v":"袁娅维演唱会"},
{"n":"大张伟","v":"大张伟演唱会"},
{"n":"TFBOYS","v":"TFBOYS演唱会"},
{"n":"王俊凯","v":"王俊凯演唱会"},
{"n":"易烊千玺","v":"易烊千玺演唱会"},
{"n":"王源","v":"王源演唱会"},
{"n":"田馥甄","v":"田馥甄演唱会"},
{"n":"小虎队","v":"小虎队演唱会"},
{"n":"张杰","v":"张杰演唱会"},
{"n":"王菲","v":"王菲演唱会"},
{"n":"伍佰","v":"伍佰演唱会"},
{"n":"刀郎","v":"刀郎演唱会"},
{"n":"草蜢","v":"草蜢演唱会"},
{"n":"潘玮柏","v":"潘玮柏演唱会"},
{"n":"梁静茹","v":"梁静茹演唱会"},
{"n":"林宥嘉","v":"林宥嘉演唱会"},
{"n":"蔡徐坤","v":"蔡徐坤演唱会"},
{"n":"周慧敏","v":"周慧敏演唱会"},
{"n":"李圣杰","v":"李圣杰演唱会"},
{"n":"张惠妹","v":"张惠妹演唱会"},
{"n":"萧敬腾","v":"萧敬腾演唱会"},
{"n":"周笔畅","v":"周笔畅演唱会"},
{"n":"焦迈奇","v":"焦迈奇演唱会"},
{"n":"尤长靖","v":"尤长靖演唱会"},
{"n":"郑中基","v":"郑中基演唱会"},
{"n":"谭维维","v":"谭维维演唱会"},
{"n":"陈慧娴","v":"陈慧娴演唱会"},
{"n":"张艺兴","v":"张艺兴演唱会"},
{"n":"王嘉尔","v":"王嘉尔演唱会"},
{"n":"刘宪华","v":"刘宪华演唱会"},
{"n":"张敬轩","v":"张敬轩演唱会"},
{"n":"李克勤","v":"李克勤演唱会"},
{"n":"阿杜","v":"阿杜演唱会"},
{"n":"郭静","v":"郭静演唱会"},
{"n":"崔健","v":"崔健演唱会"},
{"n":"庾澄庆","v":"庾澄庆演唱会"},
{"n":"汪峰","v":"汪峰演唱会"},
{"n":"那英","v":"那英演唱会"},
{"n":"杨坤","v":"杨坤演唱会"},
{"n":"叶倩文","v":"叶倩文演唱会"},
{"n":"王心凌","v":"王心凌演唱会"},
{"n":"张震岳","v":"张震岳演唱会"},
{"n":"韩红","v":"韩红演唱会"},
{"n":"齐秦","v":"齐秦演唱会"},
{"n":"张雨生","v":"张雨生演唱会"},
{"n":"黄品源","v":"黄品源演唱会"},
{"n":"林忆莲","v":"林忆莲演唱会"},
{"n":"丁当","v":"丁当演唱会"},
{"n":"郑智化","v":"郑智化演唱会"},
{"n":"李玟","v":"李玟演唱会"},
{"n":"谢霆锋","v":"谢霆锋演唱会"},
{"n":"黄小琥","v":"黄小琥演唱会"},
{"n":"徐小凤","v":"徐小凤演唱会"},
{"n":"任嘉伦","v":"任嘉伦演唱会"},
{"n":"卓依婷","v":"卓依婷演唱会"},
{"n":"逃跑计划","v":"逃跑计划演唱会"},
{"n":"青鸟飞鱼","v":"青鸟飞鱼演唱会"},
{"n":"飞儿乐队","v":"飞儿乐队演唱会"},
{"n":"花儿乐队","v":"花儿乐队演唱会"},
{"n":"南拳妈妈","v":"南拳妈妈演唱会"},
{"n":"水木年华","v":"水木年华演唱会"},
{"n":"动力火车","v":"动力火车演唱会"},
{"n":"筷子兄弟","v":"筷子兄弟演唱会"},
{"n":"鹿先森乐队","v":"鹿先森乐队演唱会"},
{"n":"信乐队","v":"信乐队演唱会"},
{"n":"旅行团乐队","v":"旅行团乐队演唱会"},
{"n":"By2","v":"By2演唱会"},
{"n":"郁可唯","v":"郁可唯演唱会"},
{"n":"宋亚森","v":"宋亚森演唱会"},
{"n":"费玉清","v":"费玉清演唱会"},
{"n":"费翔","v":"费翔演唱会"},
{"n":"金志文","v":"金志文演唱会"},
{"n":"黄家强","v":"黄家强演唱会"},
{"n":"方大同","v":"方大同演唱会"},
{"n":"吴克群","v":"吴克群演唱会"},
{"n":"罗大佑","v":"罗大佑演唱会"},
{"n":"光良","v":"光良演唱会"},
{"n":"田震","v":"田震演唱会"},
{"n":"凤飞飞","v":"凤飞飞演唱会"},
{"n":"谭晶","v":"谭晶演唱会"},
{"n":"王杰","v":"王杰演唱会"},
{"n":"羽泉","v":"羽泉演唱会"},
{"n":"金池","v":"金池演唱会"},
{"n":"屠洪刚","v":"屠洪刚演唱会"},
{"n":"戴荃","v":"戴荃演唱会"},
{"n":"郭采洁","v":"郭采洁演唱会"},
{"n":"罗志祥","v":"罗志祥演唱会"},
{"n":"王力宏","v":"王力宏演唱会"},
{"n":"林肯公园","v":"林肯公园演唱会"},
{"n":"迈克尔杰克逊","v":"迈克尔杰克逊演唱会"},
{"n":"泰勒·斯威夫特","v":"泰勒·斯威夫特演唱会"},
{"n":"阿黛尔","v":"阿黛尔演唱会"},
{"n":"BIGBANG","v":"BIGBANG演唱会"},
{"n":"LadyGaga","v":"LadyGaga演唱会"},
{"n":"贾斯丁比伯","v":"贾斯丁比伯演唱会"},
{"n":"中岛美雪","v":"中岛美雪演唱会"},
{"n":"仓木麻衣","v":"仓木麻衣演唱会"},
{"n":"后街男孩","v":"后街男孩演唱会"},
{"n":"布兰妮","v":"布兰妮演唱会"},
{"n":"夜愿乐队","v":"夜愿乐队演唱会"}]},
{"key":"tid",
"name":"分类",
"value":[
{"n":"4K演唱会","v":"4K演唱会"},
{"n":"4K周杰伦","v":"4K周杰伦演唱会"},
{"n":"4K陈奕迅","v":"4K陈奕迅演唱会"},
{"n":"4K Beyond","v":"4 KBeyond演唱会"},
{"n":"4K刘德华","v":"4K刘德华演唱会"},
{"n":"4K郭富城","v":"4K郭富城演唱会"},
{"n":"4K张学友","v":"4K张学友演唱会"},
{"n":"4K黎明","v":"4K黎明演唱会"},
{"n":"4K李宗盛","v":"4K李宗盛演唱会"},
{"n":"4K邓丽君","v":"4K邓丽君演唱会"},
{"n":"4K朴树","v":"4K朴树演唱会"},
{"n":"4K林子祥","v":"4K林子祥演唱会"},
{"n":"4K任贤齐","v":"4K任贤齐演唱会"},
{"n":"4K张信哲","v":"4K张信哲演唱会"},
{"n":"4K孙楠","v":"4K孙楠演唱会"},
{"n":"4K张宇","v":"4K张宇演唱会"},
{"n":"4K周华健","v":"4K周华健演唱会"},
{"n":"4K蔡依林","v":"4K蔡依林演唱会"},
{"n":"4K薛之谦","v":"4K薛之谦演唱会"},
{"n":"4K洛天依","v":"4K洛天依演唱会"},
{"n":"4K初音未来","v":"4K初音未来演唱会"},
{"n":"4K许嵩","v":"4K许嵩演唱会"},
{"n":"4K戴佩妮","v":"4K戴佩妮演唱会"},
{"n":"4K邓紫棋","v":"4K邓紫棋演唱会"},
{"n":"4K张韶涵","v":"4K张韶涵演唱会"},
{"n":"4K蔡健雅","v":"4K蔡健雅演唱会"},
{"n":"4K莫文蔚","v":"4K莫文蔚演唱会"},
{"n":"4K刘若英","v":"4K刘若英演唱会"},
{"n":"4K周深","v":"4K周深演唱会"},
{"n":"4K毛不易","v":"4K毛不易演唱会"},
{"n":"4K汪苏泷","v":"4K汪苏泷演唱会"},
{"n":"4K李宇春","v":"4K李宇春演唱会"},
{"n":"4K徐佳莹","v":"4K徐佳莹演唱会"},
{"n":"4K杨宗纬","v":"4K杨宗纬演唱会"},
{"n":"4K胡彦斌","v":"4K胡彦斌演唱会"},
{"n":"4K杨千嬅","v":"4K杨千嬅演唱会"},
{"n":"4K张靓颖","v":"4K张靓颖演唱会"},
{"n":"4K李荣浩","v":"4K李荣浩演唱会"},
{"n":"4K杨丞琳","v":"4K杨丞琳演唱会"},
{"n":"4K林志炫","v":"4K林志炫演唱会"},
{"n":"4K陶喆","v":"4K陶喆演唱会"},
{"n":"4K胡夏","v":"4K胡夏演唱会"},
{"n":"4K李玉刚","v":"4K李玉刚演唱会"},
{"n":"4K弦子","v":"4K弦子演唱会"},
{"n":"4K陈小春","v":"4K陈小春演唱会"},
{"n":"4K萧亚轩","v":"4K萧亚轩演唱会"},
{"n":"4K鹿晗","v":"4K鹿晗演唱会"},
{"n":"4K纵贯线","v":"4K纵贯线演唱会"},
{"n":"4K许巍","v":"4K许巍演唱会"},
{"n":"4K林俊杰","v":"4K林俊杰演唱会"},
{"n":"4K赵雷","v":"4K赵雷演唱会"},
{"n":"4K谭咏麟","v":"4K谭咏麟演唱会"},
{"n":"4K凤凰传奇","v":"4K凤凰传奇演唱会"},
{"n":"4K容祖儿","v":"4K容祖儿演唱会"},
{"n":"4K周传雄","v":"4K周传雄演唱会"},
{"n":"4K SHE","v":"4K SHE演唱会"},
{"n":"4K苏打绿","v":"4K苏打绿演唱会"},
{"n":"4K五月天","v":"4K五月天演唱会"},
{"n":"4K张国荣","v":"4K张国荣演唱会"},
{"n":"4K梅艳芳","v":"4K梅艳芳演唱会"},
{"n":"4K孙燕姿","v":"4K孙燕姿演唱会"},
{"n":"4K李健","v":"4K李健演唱会"},
{"n":"4K华晨宇","v":"4K华晨宇演唱会"},
{"n":"4K袁娅维","v":"4K袁娅维演唱会"},
{"n":"4K大张伟","v":"4K大张伟演唱会"},
{"n":"4K TFBOYS","v":"4K TFBOYS演唱会"},
{"n":"4K王俊凯","v":"4K王俊凯演唱会"},
{"n":"4K易烊千玺","v":"4K易烊千玺演唱会"},
{"n":"4K王源","v":"4K王源演唱会"},
{"n":"4K田馥甄","v":"4K田馥甄演唱会"},
{"n":"4K小虎队","v":"4K小虎队演唱会"},
{"n":"4K张杰","v":"4K张杰演唱会"},
{"n":"4K王菲","v":"4K王菲演唱会"},
{"n":"4K伍佰","v":"4K伍佰演唱会"},
{"n":"4K刀郎","v":"4K刀郎演唱会"},
{"n":"4K草蜢","v":"4K草蜢演唱会"},
{"n":"4K潘玮柏","v":"4K潘玮柏演唱会"},
{"n":"4K梁静茹","v":"4K梁静茹演唱会"},
{"n":"4K林宥嘉","v":"4K林宥嘉演唱会"},
{"n":"4K蔡徐坤","v":"4K蔡徐坤演唱会"},
{"n":"4K周慧敏","v":"4K周慧敏演唱会"},
{"n":"4K李圣杰","v":"4K李圣杰演唱会"},
{"n":"4K张惠妹","v":"4K张惠妹演唱会"},
{"n":"4K萧敬腾","v":"4K萧敬腾演唱会"},
{"n":"4K周笔畅","v":"4K周笔畅演唱会"},
{"n":"4K焦迈奇","v":"4K焦迈奇演唱会"},
{"n":"4K尤长靖","v":"4K尤长靖演唱会"},
{"n":"4K郑中基","v":"4K郑中基演唱会"},
{"n":"4K谭维维","v":"4K谭维维演唱会"},
{"n":"4K陈慧娴","v":"4K陈慧娴演唱会"},
{"n":"4K张艺兴","v":"4K张艺兴演唱会"},
{"n":"4K王嘉尔","v":"4K王嘉尔演唱会"},
{"n":"4K刘宪华","v":"4K刘宪华演唱会"},
{"n":"4K张敬轩","v":"4K张敬轩演唱会"},
{"n":"4K李克勤","v":"4K李克勤演唱会"},
{"n":"4K阿杜","v":"4K阿杜演唱会"},
{"n":"4K郭静","v":"4K郭静演唱会"},
{"n":"4K崔健","v":"4K崔健演唱会"},
{"n":"4K庾澄庆","v":"4K庾澄庆演唱会"},
{"n":"4K汪峰","v":"4K汪峰演唱会"},
{"n":"4K那英","v":"4K那英演唱会"},
{"n":"4K杨坤","v":"4K杨坤演唱会"},
{"n":"4K叶倩文","v":"4K叶倩文演唱会"},
{"n":"4K王心凌","v":"4K王心凌演唱会"},
{"n":"4K张震岳","v":"4K张震岳演唱会"},
{"n":"4K韩红","v":"4K韩红演唱会"},
{"n":"4K齐秦","v":"4K齐秦演唱会"},
{"n":"4K张雨生","v":"4K张雨生演唱会"},
{"n":"4K黄品源","v":"4K黄品源演唱会"},
{"n":"4K林忆莲","v":"4K林忆莲演唱会"},
{"n":"4K丁当","v":"4K丁当演唱会"},
{"n":"4K郑智化","v":"4K郑智化演唱会"},
{"n":"4K李玟","v":"4K李玟演唱会"},
{"n":"4K谢霆锋","v":"4K谢霆锋演唱会"},
{"n":"4K黄小琥","v":"4K黄小琥演唱会"},
{"n":"4K徐小凤","v":"4K徐小凤演唱会"},
{"n":"4K任嘉伦","v":"4K任嘉伦演唱会"},
{"n":"4K卓依婷","v":"4K卓依婷演唱会"},
{"n":"4K逃跑计划","v":"4K逃跑计划演唱会"},
{"n":"4K青鸟飞鱼","v":"4K青鸟飞鱼演唱会"},
{"n":"4K飞儿乐队","v":"4K飞儿乐队演唱会"},
{"n":"4K花儿乐队","v":"4K花儿乐队演唱会"},
{"n":"4K南拳妈妈","v":"4K南拳妈妈演唱会"},
{"n":"4K水木年华","v":"4K水木年华演唱会"},
{"n":"4K动力火车","v":"4K动力火车演唱会"},
{"n":"4K筷子兄弟","v":"4K筷子兄弟演唱会"},
{"n":"4K鹿先森乐队","v":"4K鹿先森乐队演唱会"},
{"n":"4K信乐队","v":"4K信乐队演唱会"},
{"n":"4K旅行团乐队","v":"4K旅行团乐队演唱会"},
{"n":"4K By2","v":"4K By2演唱会"},
{"n":"4K郁可唯","v":"4K郁可唯演唱会"},
{"n":"4K宋亚森","v":"4K宋亚森演唱会"},
{"n":"4K费玉清","v":"4K费玉清演唱会"},
{"n":"4K费翔","v":"4K费翔演唱会"},
{"n":"4K金志文","v":"4K金志文演唱会"},
{"n":"4K黄家强","v":"4K黄家强演唱会"},
{"n":"4K方大同","v":"4K方大同演唱会"},
{"n":"4K吴克群","v":"4K吴克群演唱会"},
{"n":"4K罗大佑","v":"4K罗大佑演唱会"},
{"n":"4K光良","v":"4K光良演唱会"},
{"n":"4K田震","v":"4K田震演唱会"},
{"n":"4K凤飞飞","v":"4K凤飞飞演唱会"},
{"n":"4K谭晶","v":"4K谭晶演唱会"},
{"n":"4K王杰","v":"4K王杰演唱会"},
{"n":"4K羽泉","v":"4K羽泉演唱会"},
{"n":"4K金池","v":"4K金池演唱会"},
{"n":"4K屠洪刚","v":"4K屠洪刚演唱会"},
{"n":"4K戴荃","v":"4K戴荃演唱会"},
{"n":"4K郭采洁","v":"4K郭采洁演唱会"},
{"n":"4K罗志祥","v":"4K罗志祥演唱会"},
{"n":"4K王力宏","v":"4K王力宏演唱会"},
{"n":"4K林肯公园","v":"4K林肯公园演唱会"},
{"n":"4K迈克尔杰克逊","v":"4K迈克尔杰克逊演唱会"},
{"n":"4K泰勒·斯威夫特","v":"4K泰勒·斯威夫特演唱会"},
{"n":"4K阿黛尔","v":"4K阿黛尔演唱会"},
{"n":"4K BIGBANG","v":"4K BIGBANG演唱会"},
{"n":"4K LadyGaga","v":"4K LadyGaga演唱会"},
{"n":"4K贾斯丁比伯","v":"4K贾斯丁比伯演唱会"},
{"n":"4K中岛美雪","v":"4K中岛美雪演唱会"},
{"n":"4K仓木麻衣","v":"4K仓木麻衣演唱会"},
{"n":"4K后街男孩","v":"4K后街男孩演唱会"},
{"n":"4K布兰妮","v":"4K布兰妮演唱会"},
{"n":"4K夜愿乐队","v":"4K夜愿乐队演唱会"}]},
{
"key":"duration",
"name":"时长",
"value":[
{
"n":"全部",
"v":"0"
},
{
"n":"60分钟以上",
"v":"4"
},
{
"n":"30~60分钟",
"v":"3"
},
{
"n":"10~30分钟",
"v":"2"
},
{
"n":"10分钟以下",
"v":"1"
}
]
}
],
"课程辅导":[
{
"key":"tid",
"name":"苏教版年级科目",
"value":[
{"n":"1年级语文","v":"苏教版1年级语文"},
{"n":"1年级数学","v":"苏教版1年级数学"},
{"n":"1年级英语","v":"苏教版1年级英语"},
{"n":"2年级语文","v":"苏教版2年级语文"},
{"n":"2年级数学","v":"苏教版2年级数学"},
{"n":"2年级英语","v":"苏教版2年级英语"},
{"n":"3年级语文","v":"苏教版3年级语文"},
{"n":"3年级数学","v":"苏教版3年级数学"},
{"n":"3年级英语","v":"苏教版3年级英语"},
{"n":"4年级语文","v":"苏教版4年级语文"},
{"n":"4年级数学","v":"苏教版4年级数学"},
{"n":"4年级英语","v":"苏教版4年级英语"},
{"n":"5年级语文","v":"苏教版5年级语文"},
{"n":"5年级数学","v":"苏教版5年级数学"},
{"n":"5年级英语","v":"苏教版5年级英语"},
{"n":"6年级语文","v":"苏教版6年级语文"},
{"n":"6年级数学","v":"苏教版6年级数学"},
{"n":"6年级英语","v":"苏教版6年级英语"},
{"n":"7年级语文","v":"苏教版7年级语文"},
{"n":"7年级数学","v":"苏教版7年级数学"},
{"n":"7年级英语","v":"苏教版7年级英语"},
{"n":"7年级历史","v":"苏教版7年级历史"},
{"n":"7年级地理","v":"苏教版7年级地理"},
{"n":"7年级生物","v":"苏教版7年级生物"},
{"n":"7年级物理","v":"苏教版7年级物理"},
{"n":"7年级化学","v":"苏教版7年级化学"},
{"n":"8年级语文","v":"苏教版8年级语文"},
{"n":"8年级数学","v":"苏教版8年级数学"},
{"n":"8年级英语","v":"苏教版8年级英语"},
{"n":"8年级历史","v":"苏教版8年级历史"},
{"n":"8年级地理","v":"苏教版8年级地理"},
{"n":"8年级生物","v":"苏教版8年级生物"},
{"n":"8年级物理","v":"苏教版8年级物理"},
{"n":"8年级化学","v":"苏教版8年级化学"},
{"n":"9年级语文","v":"苏教版9年级语文"},
{"n":"9年级数学","v":"苏教版9年级数学"},
{"n":"9年级英语","v":"苏教版9年级英语"},
{"n":"9年级历史","v":"苏教版9年级历史"},
{"n":"9年级地理","v":"苏教版9年级地理"},
{"n":"9年级生物","v":"苏教版9年级生物"},
{"n":"9年级物理","v":"苏教版9年级物理"},
{"n":"9年级化学","v":"苏教版9年级化学"},
{"n":"高一语文","v":"苏教版高一语文"},
{"n":"高一数学","v":"苏教版高一数学"},
{"n":"高一英语","v":"苏教版高一英语"},
{"n":"高一思想政治","v":"苏教版高一思想政治"},
{"n":"高一历史","v":"苏教版高一历史"},
{"n":"高一地理","v":"苏教版高一地理"},
{"n":"高一生物","v":"苏教版高一生物"},
{"n":"高一物理","v":"苏教版高一物理"},
{"n":"高一化学","v":"苏教版高一化学"},
{"n":"高二语文","v":"苏教版高二语文"},
{"n":"高二数学","v":"苏教版高二数学"},
{"n":"高二英语","v":"苏教版高二英语"},
{"n":"高二思想政治","v":"苏教版高二思想政治"},
{"n":"高二历史","v":"苏教版高二历史"},
{"n":"高二地理","v":"苏教版高二地理"},
{"n":"高二生物","v":"苏教版高二生物"},
{"n":"高二物理","v":"苏教版高二物理"},
{"n":"高二化学","v":"苏教版高二化学"},
{"n":"高三语文","v":"苏教版高三语文"},
{"n":"高三数学","v":"苏教版高三数学"},
{"n":"高三英语","v":"苏教版高三英语"},
{"n":"高三思想政治","v":"苏教版高三思想政治"},
{"n":"高三历史","v":"苏教版高三历史"},
{"n":"高三地理","v":"苏教版高三地理"},
{"n":"高三生物","v":"苏教版高三生物"},
{"n":"高三物理","v":"苏教版高三物理"},
{"n":"高三化学","v":"苏教版高三化学"}]},
{
"key":"tid",
"name":"人教版年级科目",
"value":[
{"n":"1年级语文","v":"人教版1年级语文"},
{"n":"1年级数学","v":"人教版1年级数学"},
{"n":"1年级英语","v":"人教版1年级英语"},
{"n":"2年级语文","v":"人教版2年级语文"},
{"n":"2年级数学","v":"人教版2年级数学"},
{"n":"2年级英语","v":"人教版2年级英语"},
{"n":"3年级语文","v":"人教版3年级语文"},
{"n":"3年级数学","v":"人教版3年级数学"},
{"n":"3年级英语","v":"人教版3年级英语"},
{"n":"4年级语文","v":"人教版4年级语文"},
{"n":"4年级数学","v":"人教版4年级数学"},
{"n":"4年级英语","v":"人教版4年级英语"},
{"n":"5年级语文","v":"人教版5年级语文"},
{"n":"5年级数学","v":"人教版5年级数学"},
{"n":"5年级英语","v":"人教版5年级英语"},
{"n":"6年级语文","v":"人教版6年级语文"},
{"n":"6年级数学","v":"人教版6年级数学"},
{"n":"6年级英语","v":"人教版6年级英语"},
{"n":"7年级语文","v":"人教版7年级语文"},
{"n":"7年级数学","v":"人教版7年级数学"},
{"n":"7年级英语","v":"人教版7年级英语"},
{"n":"7年级历史","v":"人教版7年级历史"},
{"n":"7年级地理","v":"人教版7年级地理"},
{"n":"7年级生物","v":"人教版7年级生物"},
{"n":"7年级物理","v":"人教版7年级物理"},
{"n":"7年级化学","v":"人教版7年级化学"},
{"n":"8年级语文","v":"人教版8年级语文"},
{"n":"8年级数学","v":"人教版8年级数学"},
{"n":"8年级英语","v":"人教版8年级英语"},
{"n":"8年级历史","v":"人教版8年级历史"},
{"n":"8年级地理","v":"人教版8年级地理"},
{"n":"8年级生物","v":"人教版8年级生物"},
{"n":"8年级物理","v":"人教版8年级物理"},
{"n":"8年级化学","v":"人教版8年级化学"},
{"n":"9年级语文","v":"人教版9年级语文"},
{"n":"9年级数学","v":"人教版9年级数学"},
{"n":"9年级英语","v":"人教版9年级英语"},
{"n":"9年级历史","v":"人教版9年级历史"},
{"n":"9年级地理","v":"人教版9年级地理"},
{"n":"9年级生物","v":"人教版9年级生物"},
{"n":"9年级物理","v":"人教版9年级物理"},
{"n":"9年级化学","v":"人教版9年级化学"},
{"n":"高一语文","v":"人教版高一语文"},
{"n":"高一数学","v":"人教版高一数学"},
{"n":"高一英语","v":"人教版高一英语"},
{"n":"高一思想政治","v":"人教版高一思想政治"},
{"n":"高一历史","v":"人教版高一历史"},
{"n":"高一地理","v":"人教版高一地理"},
{"n":"高一生物","v":"人教版高一生物"},
{"n":"高一物理","v":"人教版高一物理"},
{"n":"高一化学","v":"人教版高一化学"},
{"n":"高二语文","v":"人教版高二语文"},
{"n":"高二数学","v":"人教版高二数学"},
{"n":"高二英语","v":"人教版高二英语"},
{"n":"高二思想政治","v":"人教版高二思想政治"},
{"n":"高二历史","v":"人教版高二历史"},
{"n":"高二地理","v":"人教版高二地理"},
{"n":"高二生物","v":"人教版高二生物"},
{"n":"高二物理","v":"人教版高二物理"},
{"n":"高二化学","v":"人教版高二化学"},
{"n":"高三语文","v":"人教版高三语文"},
{"n":"高三数学","v":"人教版高三数学"},
{"n":"高三英语","v":"人教版高三英语"},
{"n":"高三思想政治","v":"人教版高三思想政治"},
{"n":"高三历史","v":"人教版高三历史"},
{"n":"高三地理","v":"人教版高三地理"},
{"n":"高三生物","v":"人教版高三生物"},
{"n":"高三物理","v":"人教版高三物理"},
{"n":"高三化学","v":"人教版高三化学"}]},
{
"key":"tid",
"name":"沪教版年级科目",
"value":[
{"n":"1年级语文","v":"沪教版1年级语文"},
{"n":"1年级数学","v":"沪教版1年级数学"},
{"n":"1年级英语","v":"沪教版1年级英语"},
{"n":"2年级语文","v":"沪教版2年级语文"},
{"n":"2年级数学","v":"沪教版2年级数学"},
{"n":"2年级英语","v":"沪教版2年级英语"},
{"n":"3年级语文","v":"沪教版3年级语文"},
{"n":"3年级数学","v":"沪教版3年级数学"},
{"n":"3年级英语","v":"沪教版3年级英语"},
{"n":"4年级语文","v":"沪教版4年级语文"},
{"n":"4年级数学","v":"沪教版4年级数学"},
{"n":"4年级英语","v":"沪教版4年级英语"},
{"n":"5年级语文","v":"沪教版5年级语文"},
{"n":"5年级数学","v":"沪教版5年级数学"},
{"n":"5年级英语","v":"沪教版5年级英语"},
{"n":"6年级语文","v":"沪教版6年级语文"},
{"n":"6年级数学","v":"沪教版6年级数学"},
{"n":"6年级英语","v":"沪教版6年级英语"},
{"n":"7年级语文","v":"沪教版7年级语文"},
{"n":"7年级数学","v":"沪教版7年级数学"},
{"n":"7年级英语","v":"沪教版7年级英语"},
{"n":"7年级历史","v":"沪教版7年级历史"},
{"n":"7年级地理","v":"沪教版7年级地理"},
{"n":"7年级生物","v":"沪教版7年级生物"},
{"n":"7年级物理","v":"沪教版7年级物理"},
{"n":"7年级化学","v":"沪教版7年级化学"},
{"n":"8年级语文","v":"沪教版8年级语文"},
{"n":"8年级数学","v":"沪教版8年级数学"},
{"n":"8年级英语","v":"沪教版8年级英语"},
{"n":"8年级历史","v":"沪教版8年级历史"},
{"n":"8年级地理","v":"沪教版8年级地理"},
{"n":"8年级生物","v":"沪教版8年级生物"},
{"n":"8年级物理","v":"沪教版8年级物理"},
{"n":"8年级化学","v":"沪教版8年级化学"},
{"n":"9年级语文","v":"沪教版9年级语文"},
{"n":"9年级数学","v":"沪教版9年级数学"},
{"n":"9年级英语","v":"沪教版9年级英语"},
{"n":"9年级历史","v":"沪教版9年级历史"},
{"n":"9年级地理","v":"沪教版9年级地理"},
{"n":"9年级生物","v":"沪教版9年级生物"},
{"n":"9年级物理","v":"沪教版9年级物理"},
{"n":"9年级化学","v":"沪教版9年级化学"},
{"n":"高一语文","v":"沪教版高一语文"},
{"n":"高一数学","v":"沪教版高一数学"},
{"n":"高一英语","v":"沪教版高一英语"},
{"n":"高一思想政治","v":"沪教版高一思想政治"},
{"n":"高一历史","v":"沪教版高一历史"},
{"n":"高一地理","v":"沪教版高一地理"},
{"n":"高一生物","v":"沪教版高一生物"},
{"n":"高一物理","v":"沪教版高一物理"},
{"n":"高一化学","v":"沪教版高一化学"},
{"n":"高二语文","v":"沪教版高二语文"},
{"n":"高二数学","v":"沪教版高二数学"},
{"n":"高二英语","v":"沪教版高二英语"},
{"n":"高二思想政治","v":"沪教版高二思想政治"},
{"n":"高二历史","v":"沪教版高二历史"},
{"n":"高二地理","v":"沪教版高二地理"},
{"n":"高二生物","v":"沪教版高二生物"},
{"n":"高二物理","v":"沪教版高二物理"},
{"n":"高二化学","v":"沪教版高二化学"},
{"n":"高三语文","v":"沪教版高三语文"},
{"n":"高三数学","v":"沪教版高三数学"},
{"n":"高三英语","v":"沪教版高三英语"},
{"n":"高三思想政治","v":"沪教版高三思想政治"},
{"n":"高三历史","v":"沪教版高三历史"},
{"n":"高三地理","v":"沪教版高三地理"},
{"n":"高三生物","v":"沪教版高三生物"},
{"n":"高三物理","v":"沪教版高三物理"},
{"n":"高三化学","v":"沪教版高三化学"}]},
{
"key":"tid",
"name":"北师大版年级科目",
"value":[
{"n":"1年级语文","v":"北师大版1年级语文"},
{"n":"1年级数学","v":"北师大版1年级数学"},
{"n":"1年级英语","v":"北师大版1年级英语"},
{"n":"2年级语文","v":"北师大版2年级语文"},
{"n":"2年级数学","v":"北师大版2年级数学"},
{"n":"2年级英语","v":"北师大版2年级英语"},
{"n":"3年级语文","v":"北师大版3年级语文"},
{"n":"3年级数学","v":"北师大版3年级数学"},
{"n":"3年级英语","v":"北师大版3年级英语"},
{"n":"4年级语文","v":"北师大版4年级语文"},
{"n":"4年级数学","v":"北师大版4年级数学"},
{"n":"4年级英语","v":"北师大版4年级英语"},
{"n":"5年级语文","v":"北师大版5年级语文"},
{"n":"5年级数学","v":"北师大版5年级数学"},
{"n":"5年级英语","v":"北师大版5年级英语"},
{"n":"6年级语文","v":"北师大版6年级语文"},
{"n":"6年级数学","v":"北师大版6年级数学"},
{"n":"6年级英语","v":"北师大版6年级英语"},
{"n":"7年级语文","v":"北师大版7年级语文"},
{"n":"7年级数学","v":"北师大版7年级数学"},
{"n":"7年级英语","v":"北师大版7年级英语"},
{"n":"7年级历史","v":"北师大版7年级历史"},
{"n":"7年级地理","v":"北师大版7年级地理"},
{"n":"7年级生物","v":"北师大版7年级生物"},
{"n":"7年级物理","v":"北师大版7年级物理"},
{"n":"7年级化学","v":"北师大版7年级化学"},
{"n":"8年级语文","v":"北师大版8年级语文"},
{"n":"8年级数学","v":"北师大版8年级数学"},
{"n":"8年级英语","v":"北师大版8年级英语"},
{"n":"8年级历史","v":"北师大版8年级历史"},
{"n":"8年级地理","v":"北师大版8年级地理"},
{"n":"8年级生物","v":"北师大版8年级生物"},
{"n":"8年级物理","v":"北师大版8年级物理"},
{"n":"8年级化学","v":"北师大版8年级化学"},
{"n":"9年级语文","v":"北师大版9年级语文"},
{"n":"9年级数学","v":"北师大版9年级数学"},
{"n":"9年级英语","v":"北师大版9年级英语"},
{"n":"9年级历史","v":"北师大版9年级历史"},
{"n":"9年级地理","v":"北师大版9年级地理"},
{"n":"9年级生物","v":"北师大版9年级生物"},
{"n":"9年级物理","v":"北师大版9年级物理"},
{"n":"9年级化学","v":"北师大版9年级化学"},
{"n":"高一语文","v":"北师大版高一语文"},
{"n":"高一数学","v":"北师大版高一数学"},
{"n":"高一英语","v":"北师大版高一英语"},
{"n":"高一思想政治","v":"北师大版高一思想政治"},
{"n":"高一历史","v":"北师大版高一历史"},
{"n":"高一地理","v":"北师大版高一地理"},
{"n":"高一生物","v":"北师大版高一生物"},
{"n":"高一物理","v":"北师大版高一物理"},
{"n":"高一化学","v":"北师大版高一化学"},
{"n":"高二语文","v":"北师大版高二语文"},
{"n":"高二数学","v":"北师大版高二数学"},
{"n":"高二英语","v":"北师大版高二英语"},
{"n":"高二思想政治","v":"北师大版高二思想政治"},
{"n":"高二历史","v":"北师大版高二历史"},
{"n":"高二地理","v":"北师大版高二地理"},
{"n":"高二生物","v":"北师大版高二生物"},
{"n":"高二物理","v":"北师大版高二物理"},
{"n":"高二化学","v":"北师大版高二化学"},
{"n":"高三语文","v":"北师大版高三语文"},
{"n":"高三数学","v":"北师大版高三数学"},
{"n":"高三英语","v":"北师大版高三英语"},
{"n":"高三思想政治","v":"北师大版高三思想政治"},
{"n":"高三历史","v":"北师大版高三历史"},
{"n":"高三地理","v":"北师大版高三地理"},
{"n":"高三生物","v":"北师大版高三生物"},
{"n":"高三物理","v":"北师大版高三物理"},
{"n":"高三化学","v":"北师大版高三化学"}]},
{
"key":"duration",
"name":"时长",
"value":[
{
"n":"全部",
"v":"0"
},
{
"n":"60分钟以上",
"v":"4"
},
{
"n":"30~60分钟",
"v":"3"
},
{
"n":"10~30分钟",
"v":"2"
},
{
"n":"10分钟以下",
"v":"1"
}
]
}
],
"说案":[
{
"key":"tid",
"name":"分类",
"value":[
{
"n":"说案",
"v":"说案"
},
{
"n":"汤圆",
"v":"汤圆说案"
},
{
"n":"唐唐",
"v":"唐唐说案"
},
{
"n":"罗翔",
"v":"罗翔说刑法"
},
{
"n":"何家弘",
"v":"何家弘说案"
},
{
"n":"韩诺",
"v":"韩诺说案"
},
{
"n":"老V",
"v":"老V说案"
},
{
"n":"禁播档案",
"v":"禁播档案"
}
]
},
{
"key":"tid",
"name":"分类",
"value":[
{
"n":"4K说案",
"v":"4K说案"
},
{
"n":"4K汤圆",
"v":"4K汤圆说案"
},
{
"n":"4K唐唐",
"v":"4K唐唐说案"
},
{
"n":"4K罗翔",
"v":"4K罗翔说刑法"
},
{
"n":"4K何家弘",
"v":"4K何家弘说案"
},
{
"n":"4K韩诺",
"v":"4K韩诺说案"
},
{
"n":"4K老V",
"v":"4K老V说案"
},
{
"n":"4K禁播档案",
"v":"4K禁播档案"
}
]
},
{
"key":"duration",
"name":"时长",
"value":[
{
"n":"全部",
"v":"0"
},
{
"n":"60分钟以上",
"v":"4"
},
{
"n":"30~60分钟",
"v":"3"
},
{
"n":"10~30分钟",
"v":"2"
},
{
"n":"10分钟以下",
"v":"1"
}
]
}
],
"演讲":[
{
"key":"tid",
"name":"分类",
"value":[
{
"n":"演讲",
"v":"演讲"
},
{
"n":"艾跃进演讲",
"v":"艾跃进演讲"
},
{
"n":"超级演说家",
"v":"超级演说家"
},
{
"n":"电影演讲",
"v":"电影演讲"
},
{
"n":"典籍里的中国",
"v":"典籍里的中国"
},
{
"n":"感动中国",
"v":"感动中国"
},
{
"n":"郭继承演讲",
"v":"郭继承演讲"
},
{
"n":"华春莹演讲",
"v":"华春莹演讲"
},
{
"n":"雷军演讲",
"v":"雷军演讲"
},
{
"n":"罗翔演讲",
"v":"罗翔演讲"
},
{
"n":"任正非演讲",
"v":"任正非演讲"
},
{
"n":"TED演讲",
"v":"TED演讲"
},
{
"n":"汪文斌演讲",
"v":"汪文斌演讲"
},
{
"n":"一刻演讲",
"v":"一刻演讲"
},
{
"n":"赵立坚演讲",
"v":"赵立坚演讲"
},
{
"n":"郑强演讲",
"v":"郑强演讲"
}
]
},
{
"key":"tid",
"name":"分类",
"value":[
{
"n":"4K演讲",
"v":"4K演讲"
},
{
"n":"4K艾跃进演讲",
"v":"4K艾跃进演讲"
},
{
"n":"4K超级演说家",
"v":"4K超级演说家"
},
{
"n":"4K电影演讲",
"v":"4K电影演讲"
},
{
"n":"4K典籍里的中国",
"v":"4K典籍里的中国"
},
{
"n":"4K感动中国",
"v":"4K感动中国"
},
{
"n":"4K郭继承演讲",
"v":"4K郭继承演讲"
},
{
"n":"4K华春莹演讲",
"v":"4K华春莹演讲"
},
{
"n":"4K雷军演讲",
"v":"4K雷军演讲"
},
{
"n":"4K罗翔演讲",
"v":"4K罗翔演讲"
},
{
"n":"4K任正非演讲",
"v":"4K任正非演讲"
},
{
"n":"4K TED演讲",
"v":"4K TED演讲"
},
{
"n":"4K汪文斌演讲",
"v":"4K汪文斌演讲"
},
{
"n":"4K一刻演讲",
"v":"4K一刻演讲"
},
{
"n":"4K赵立坚演讲",
"v":"4K赵立坚演讲"
},
{
"n":"4K郑强演讲",
"v":"4K郑强演讲"
}
]
},
{
"key":"duration",
"name":"时长",
"value":[
{
"n":"全部",
"v":"0"
},
{
"n":"60分钟以上",
"v":"4"
},
{
"n":"30~60分钟",
"v":"3"
},
{
"n":"10~30分钟",
"v":"2"
},
{
"n":"10分钟以下",
"v":"1"
}
]
}
],
"解说":[
{
"key":"tid",
"name":"分类",
"value":[
{"n":"解说","v":"解说"},
{"n":"电影","v":"电影解说"},
{"n":"电视","v":"电视解说"},
{"n":"历史","v":"历史解说"},
{"n":"动漫","v":"动漫解说"},
{"n":"小说","v":"小说解说"}]},
{
"key":"tid",
"name":"分类",
"value":[
{"n":"4K解说","v":"4K解说"},
{"n":"4K电影","v":"4K电影解说"},
{"n":"4K电视","v":"4K电视解说"},
{"n":"4K历史","v":"4K历史解说"},
{"n":"4K动漫","v":"4K动漫解说"},
{"n":"4K小说","v":"4K小说解说"}]},
{
"key":"duration",
"name":"时长",
"value":[
{
"n":"全部",
"v":"0"
},
{
"n":"60分钟以上",
"v":"4"
},
{
"n":"30~60分钟",
"v":"3"
},
{
"n":"10~30分钟",
"v":"2"
},
{
"n":"10分钟以下",
"v":"1"
}
]
}
],
"风景":[
{
"key":"tid",
"name":"分类",
"value":[
{
"n":"风景",
"v":"风景"
},
{
"n":"澳门风景",
"v":"澳门风景"
},
{
"n":"安徽风景",
"v":"安徽风景"
},
{
"n":"布达拉宫风景",
"v":"布达拉宫风景"
},
{
"n":"北京风景",
"v":"北京风景"
},
{
"n":"重庆风景",
"v":"重庆风景"
},
{
"n":"草原风景",
"v":"草原风景"
},
{
"n":"大海风景",
"v":"大海风景"
},
{
"n":"福建风景",
"v":"福建风景"
},
{
"n":"广东风景",
"v":"广东风景"
},
{
"n":"广西风景",
"v":"广西风景"
},
{
"n":"贵州风景",
"v":"贵州风景"
},
{
"n":"甘肃风景",
"v":"甘肃风景"
},
{
"n":"海南风景",
"v":"海南风景"
},
{
"n":"河北风景",
"v":"河北风景"
},
{
"n":"河南风景",
"v":"河南风景"
},
{
"n":"湖北风景",
"v":"湖北风景"
},
{
"n":"湖南风景",
"v":"湖南风景"
},
{
"n":"黑龙江风景",
"v":"黑龙江风景"
},
{
"n":"吉林风景",
"v":"吉林风景"
},
{
"n":"江苏风景",
"v":"江苏风景"
},
{
"n":"江西风景",
"v":"江西风景"
},
{
"n":"辽宁风景",
"v":"辽宁风景"
},
{
"n":"民宿风景",
"v":"民宿风景"
},
{
"n":"内蒙古风景",
"v":"内蒙古风景"
},
{
"n":"宁夏风景",
"v":"宁夏风景"
},
{
"n":"青海风景",
"v":"青海风景"
},
{
"n":"上海风景",
"v":"上海风景"
},
{
"n":"陕西风景",
"v":"陕西风景"
},
{
"n":"四川风景",
"v":"四川风景"
},
{
"n":"山西风景",
"v":"山西风景"
},
{
"n":"山东风景",
"v":"山东风景"
},
{
"n":"天津风景",
"v":"天津风景"
},
{
"n":"台湾风景",
"v":"台湾风景"
},
{
"n":"天空风景",
"v":"天空风景"
},
{
"n":"西湖风景",
"v":"西湖风景"
},
{
"n":"西藏风景",
"v":"西藏风景"
},
{
"n":"新疆风景",
"v":"新疆风景"
},
{
"n":"香港风景",
"v":"香港风景"
},
{
"n":"云南风景",
"v":"云南风景"
},
{
"n":"浙江风景",
"v":"浙江风景"
},
{
"n":"河南卫视国风",
"v":"河南卫视国风"
}
]
},
{
"key":"tid",
"name":"分类",
"value":[
{
"n":"4K风景",
"v":"4K风景"
},
{
"n":"4K澳门风景",
"v":"4K澳门风景"
},
{
"n":"4K安徽风景",
"v":"4K安徽风景"
},
{
"n":"4K布达拉宫风景",
"v":"4K布达拉宫风景"
},
{
"n":"4K北京风景",
"v":"4K北京风景"
},
{
"n":"4K重庆风景",
"v":"4K重庆风景"
},
{
"n":"4K草原风景",
"v":"4K草原风景"
},
{
"n":"4K大海风景",
"v":"4K大海风景"
},
{
"n":"4K福建风景",
"v":"4K福建风景"
},
{
"n":"4K广东风景",
"v":"4K广东风景"
},
{
"n":"4K广西风景",
"v":"4K广西风景"
},
{
"n":"4K贵州风景",
"v":"4K贵州风景"
},
{
"n":"4K甘肃风景",
"v":"4K甘肃风景"
},
{
"n":"4K海南风景",
"v":"4K海南风景"
},
{
"n":"4K河北风景",
"v":"4K河北风景"
},
{
"n":"4K河南风景",
"v":"4K河南风景"
},
{
"n":"4K湖北风景",
"v":"4K湖北风景"
},
{
"n":"4K湖南风景",
"v":"4K湖南风景"
},
{
"n":"4K黑龙江风景",
"v":"4K黑龙江风景"
},
{
"n":"4K吉林风景",
"v":"4K吉林风景"
},
{
"n":"4K江苏风景",
"v":"4K江苏风景"
},
{
"n":"4K江西风景",
"v":"4K江西风景"
},
{
"n":"4K辽宁风景",
"v":"4K辽宁风景"
},
{
"n":"4K民宿风景",
"v":"4K民宿风景"
},
{
"n":"4K内蒙古风景",
"v":"4K内蒙古风景"
},
{
"n":"4K宁夏风景",
"v":"4K宁夏风景"
},
{
"n":"4K青海风景",
"v":"4K青海风景"
},
{
"n":"4K上海风景",
"v":"4K上海风景"
},
{
"n":"4K陕西风景",
"v":"4K陕西风景"
},
{
"n":"4K四川风景",
"v":"4K四川风景"
},
{
"n":"4K山西风景",
"v":"4K山西风景"
},
{
"n":"4K山东风景",
"v":"4K山东风景"
},
{
"n":"4K天津风景",
"v":"4K天津风景"
},
{
"n":"4K台湾风景",
"v":"4K台湾风景"
},
{
"n":"4K天空风景",
"v":"4K天空风景"
},
{
"n":"4K西湖风景",
"v":"4K西湖风景"
},
{
"n":"4K西藏风景",
"v":"4K西藏风景"
},
{
"n":"4K新疆风景",
"v":"4K新疆风景"
},
{
"n":"4K香港风景",
"v":"4K香港风景"
},
{
"n":"4K云南风景",
"v":"4K云南风景"
},
{
"n":"4K浙江风景",
"v":"4K浙江风景"
},
{
"n":"4K河南卫视国风",
"v":"4K河南卫视国风"
}
]
},
{
"key":"duration",
"name":"时长",
"value":[
{
"n":"全部",
"v":"0"
},
{
"n":"60分钟以上",
"v":"4"
},
{
"n":"30~60分钟",
"v":"3"
},
{
"n":"10~30分钟",
"v":"2"
},
{
"n":"10分钟以下",
"v":"1"
}
]
}
]
}
}